address,size,name,namespace,source,recovery,organized_file
008691b0,1441,MainWindow::closeEvent,MainWindow,IMPORTED,pseudocode,src/integration/MainWindow_design_integration.cpp
0086b680,4782,MainWindow::createUi,MainWindow,IMPORTED,pseudocode,src/integration/MainWindow_design_integration.cpp
0086e4a0,479,MainWindow::openWidget,MainWindow,IMPORTED,pseudocode,src/integration/MainWindow_design_integration.cpp
0086f710,287,MainWindow::sendModelMessage,MainWindow,IMPORTED,pseudocode,src/integration/MainWindow_design_integration.cpp
0086fa30,917,MainWindow::slotShowDesigner,MainWindow,IMPORTED,pseudocode,src/integration/MainWindow_design_integration.cpp
0086fdd0,152,MainWindow::slotShowWorker,MainWindow,IMPORTED,pseudocode,src/integration/MainWindow_design_integration.cpp
008bca70,1765,CatDesign::CatDesign,CatDesign,IMPORTED,pseudocode,src/controllers/CatDesign_recovered.cpp
008bd260,355,CatDesign::~CatDesign,CatDesign,IMPORTED,pseudocode,src/controllers/CatDesign_recovered.cpp
008bd4fb,8,CatDesign::`vector_deleting_destructor'`adjustor{8}',CatDesign,ANALYSIS,pseudocode,src/controllers/CatDesign_recovered.cpp
008bd510,30,CatDesign::`scalar_deleting_destructor',CatDesign,IMPORTED,pseudocode,src/controllers/CatDesign_recovered.cpp
008bd5c0,8,CatDesign::accountChanged,CatDesign,IMPORTED,pseudocode,src/controllers/CatDesign_recovered.cpp
008bd5d0,81,CatDesign::addClamps,CatDesign,IMPORTED,pseudocode,src/controllers/CatDesign_recovered.cpp
008bd630,667,CatDesign::addToRecentFileList,CatDesign,IMPORTED,pseudocode,src/controllers/CatDesign_recovered.cpp
008bd8d0,162,CatDesign::autoHole,CatDesign,IMPORTED,pseudocode,src/controllers/CatDesign_recovered.cpp
008bd980,162,CatDesign::autoSlotFrame,CatDesign,IMPORTED,pseudocode,src/controllers/CatDesign_recovered.cpp
008bda40,162,CatDesign::boreHoleG76,CatDesign,IMPORTED,pseudocode,src/controllers/CatDesign_recovered.cpp
008bdaf0,162,CatDesign::boreHoleG86,CatDesign,IMPORTED,pseudocode,src/controllers/CatDesign_recovered.cpp
008bdba0,83,CatDesign::cascadeAnalyse,CatDesign,IMPORTED,pseudocode,src/controllers/CatDesign_recovered.cpp
008bdc00,245,CatDesign::centerTriggered,CatDesign,IMPORTED,pseudocode,src/controllers/CatDesign_recovered.cpp
008bdd00,162,CatDesign::chamferSlopePlane,CatDesign,IMPORTED,pseudocode,src/controllers/CatDesign_recovered.cpp
008bddb0,339,CatDesign::checkStatus,CatDesign,IMPORTED,pseudocode,src/controllers/CatDesign_recovered.cpp
008bdf10,81,CatDesign::checkTempFile,CatDesign,IMPORTED,pseudocode,src/controllers/CatDesign_recovered.cpp
008bdf70,190,CatDesign::clearRecentFile,CatDesign,IMPORTED,pseudocode,src/controllers/CatDesign_recovered.cpp
008be030,155,CatDesign::closeWindow,CatDesign,IMPORTED,pseudocode,src/controllers/CatDesign_recovered.cpp
008be100,173,CatDesign::convert,CatDesign,IMPORTED,pseudocode,src/controllers/CatDesign_recovered.cpp
008be2d0,3453,CatDesign::createForRibbon,CatDesign,IMPORTED,pseudocode,src/controllers/CatDesign_recovered.cpp
008bf0d0,11682,CatDesign::createToolBar,CatDesign,IMPORTED,pseudocode,src/controllers/CatDesign_recovered.cpp
008c1ea0,162,CatDesign::deepHoleDrill,CatDesign,IMPORTED,pseudocode,src/controllers/CatDesign_recovered.cpp
008c2170,162,CatDesign::drillDodging,CatDesign,IMPORTED,pseudocode,src/controllers/CatDesign_recovered.cpp
008c2220,162,CatDesign::drillHoleChamfer,CatDesign,IMPORTED,pseudocode,src/controllers/CatDesign_recovered.cpp
008c22d0,83,CatDesign::dynamicAnalyse,CatDesign,IMPORTED,pseudocode,src/controllers/CatDesign_recovered.cpp
008c2330,162,CatDesign::dynamicMilling,CatDesign,IMPORTED,pseudocode,src/controllers/CatDesign_recovered.cpp
008c23e0,81,CatDesign::emulation,CatDesign,IMPORTED,pseudocode,src/controllers/CatDesign_recovered.cpp
008c2490,629,CatDesign::eventFilter,CatDesign,IMPORTED,pseudocode,src/controllers/CatDesign_recovered.cpp
008c2710,162,CatDesign::featuresHole,CatDesign,IMPORTED,pseudocode,src/controllers/CatDesign_recovered.cpp
008c28a0,81,CatDesign::import3rdPart,CatDesign,IMPORTED,pseudocode,src/controllers/CatDesign_recovered.cpp
008c2a80,162,CatDesign::intelligentChamfering,CatDesign,IMPORTED,pseudocode,src/controllers/CatDesign_recovered.cpp
008c2b50,160,CatDesign::layerCopy,CatDesign,IMPORTED,pseudocode,src/controllers/CatDesign_recovered.cpp
008c2bf0,160,CatDesign::layerMove,CatDesign,IMPORTED,pseudocode,src/controllers/CatDesign_recovered.cpp
008c2c90,160,CatDesign::layerSetting,CatDesign,IMPORTED,pseudocode,src/controllers/CatDesign_recovered.cpp
008c2d40,160,CatDesign::letter,CatDesign,IMPORTED,pseudocode,src/controllers/CatDesign_recovered.cpp
008c2e20,81,CatDesign::marking,CatDesign,IMPORTED,pseudocode,src/controllers/CatDesign_recovered.cpp
008c2e80,189,CatDesign::materialLibrary,CatDesign,IMPORTED,pseudocode,src/controllers/CatDesign_recovered.cpp
008c2f40,83,CatDesign::measuringtool,CatDesign,IMPORTED,pseudocode,src/controllers/CatDesign_recovered.cpp
008c2fa0,162,CatDesign::millChamfer3D,CatDesign,IMPORTED,pseudocode,src/controllers/CatDesign_recovered.cpp
008c3050,162,CatDesign::millChamfer,CatDesign,IMPORTED,pseudocode,src/controllers/CatDesign_recovered.cpp
008c3100,162,CatDesign::millClearInnerCorner,CatDesign,IMPORTED,pseudocode,src/controllers/CatDesign_recovered.cpp
008c31b0,162,CatDesign::millCurve,CatDesign,IMPORTED,pseudocode,src/controllers/CatDesign_recovered.cpp
008c3260,162,CatDesign::millFilletedCorner,CatDesign,IMPORTED,pseudocode,src/controllers/CatDesign_recovered.cpp
008c3310,162,CatDesign::millGroove,CatDesign,IMPORTED,pseudocode,src/controllers/CatDesign_recovered.cpp
008c33c0,162,CatDesign::millIslandPlane,CatDesign,IMPORTED,pseudocode,src/controllers/CatDesign_recovered.cpp
008c3470,162,CatDesign::millLine,CatDesign,IMPORTED,pseudocode,src/controllers/CatDesign_recovered.cpp
008c3520,162,CatDesign::millOutLine,CatDesign,IMPORTED,pseudocode,src/controllers/CatDesign_recovered.cpp
008c35d0,162,CatDesign::millPlane,CatDesign,IMPORTED,pseudocode,src/controllers/CatDesign_recovered.cpp
008c3680,162,CatDesign::millSlopePlane3D,CatDesign,IMPORTED,pseudocode,src/controllers/CatDesign_recovered.cpp
008c3730,162,CatDesign::millSlopePlane,CatDesign,IMPORTED,pseudocode,src/controllers/CatDesign_recovered.cpp
008c37e0,162,CatDesign::millWhorl,CatDesign,IMPORTED,pseudocode,src/controllers/CatDesign_recovered.cpp
008c3890,282,CatDesign::moduleTemplateLibrary,CatDesign,IMPORTED,pseudocode,src/controllers/CatDesign_recovered.cpp
008c39b0,10,CatDesign::moveToOrigin,CatDesign,IMPORTED,pseudocode,src/controllers/CatDesign_recovered.cpp
008c39c0,191,CatDesign::newProjectFile,CatDesign,IMPORTED,pseudocode,src/controllers/CatDesign_recovered.cpp
008c3ab0,85,CatDesign::openAutoCAD,CatDesign,IMPORTED,pseudocode,src/controllers/CatDesign_recovered.cpp
008c3b10,216,CatDesign::openDxfFile,CatDesign,IMPORTED,pseudocode,src/controllers/CatDesign_recovered.cpp
008c3bf0,164,CatDesign::openProjectFile,CatDesign,IMPORTED,pseudocode,src/controllers/CatDesign_recovered.cpp
008c3ca0,622,CatDesign::openRecentFile,CatDesign,IMPORTED,pseudocode,src/controllers/CatDesign_recovered.cpp
008c3f10,162,CatDesign::peckDrillG73,CatDesign,IMPORTED,pseudocode,src/controllers/CatDesign_recovered.cpp
008c3fc0,162,CatDesign::peckDrillG83,CatDesign,IMPORTED,pseudocode,src/controllers/CatDesign_recovered.cpp
008c4070,265,CatDesign::pretreatment,CatDesign,IMPORTED,pseudocode,src/controllers/CatDesign_recovered.cpp
008c4180,107,CatDesign::processConfiguration,CatDesign,IMPORTED,pseudocode,src/controllers/CatDesign_recovered.cpp
008c41f0,81,CatDesign::redo,CatDesign,IMPORTED,pseudocode,src/controllers/CatDesign_recovered.cpp
008c4250,162,CatDesign::rightAngleBox,CatDesign,IMPORTED,pseudocode,src/controllers/CatDesign_recovered.cpp
008c43d0,191,CatDesign::saveProjectFile,CatDesign,IMPORTED,pseudocode,src/controllers/CatDesign_recovered.cpp
008c4490,191,CatDesign::saveasProjectFile,CatDesign,IMPORTED,pseudocode,src/controllers/CatDesign_recovered.cpp
008c4550,160,CatDesign::selectAnalysis,CatDesign,IMPORTED,pseudocode,src/controllers/CatDesign_recovered.cpp
008c45f0,160,CatDesign::selectEdgeAnalysis,CatDesign,IMPORTED,pseudocode,src/controllers/CatDesign_recovered.cpp
008c4690,495,CatDesign::sendModel,CatDesign,IMPORTED,pseudocode,src/controllers/CatDesign_recovered.cpp
008c4880,123,CatDesign::setActionEnabled,CatDesign,IMPORTED,pseudocode,src/controllers/CatDesign_recovered.cpp
008c4930,81,CatDesign::setParam,CatDesign,IMPORTED,pseudocode,src/controllers/CatDesign_recovered.cpp
008c4990,758,CatDesign::showSendFileMenu,CatDesign,IMPORTED,pseudocode,src/controllers/CatDesign_recovered.cpp
008c4c90,207,CatDesign::showWorker,CatDesign,IMPORTED,pseudocode,src/controllers/CatDesign_recovered.cpp
008c4d60,519,CatDesign::slotCadVersion,CatDesign,IMPORTED,pseudocode,src/controllers/CatDesign_recovered.cpp
008c4f70,235,CatDesign::slotDtmFile,CatDesign,IMPORTED,pseudocode,src/controllers/CatDesign_recovered.cpp
008c5060,102,CatDesign::slotSend,CatDesign,IMPORTED,pseudocode,src/controllers/CatDesign_recovered.cpp
008c50d0,162,CatDesign::spiralMillRing,CatDesign,IMPORTED,pseudocode,src/controllers/CatDesign_recovered.cpp
008c5180,162,CatDesign::straightDrill,CatDesign,IMPORTED,pseudocode,src/controllers/CatDesign_recovered.cpp
008c5230,81,CatDesign::switchWidgetClose,CatDesign,IMPORTED,pseudocode,src/controllers/CatDesign_recovered.cpp
008c5290,162,CatDesign::tap,CatDesign,IMPORTED,pseudocode,src/controllers/CatDesign_recovered.cpp
008c5340,282,CatDesign::templateLibrary,CatDesign,IMPORTED,pseudocode,src/controllers/CatDesign_recovered.cpp
008c5460,81,CatDesign::toleranceSet,CatDesign,IMPORTED,pseudocode,src/controllers/CatDesign_recovered.cpp
008c54c0,42,CatDesign::tr,CatDesign,IMPORTED,pseudocode,src/controllers/CatDesign_recovered.cpp
008c54f0,83,CatDesign::tubeAnalyse,CatDesign,IMPORTED,pseudocode,src/controllers/CatDesign_recovered.cpp
008c5550,81,CatDesign::undo,CatDesign,IMPORTED,pseudocode,src/controllers/CatDesign_recovered.cpp
008c55c0,11076,CatDesign::updateProcessPanel,CatDesign,IMPORTED,pseudocode,src/controllers/CatDesign_recovered.cpp
008c8120,195,CatDesign::updateUndoRedoMenuStatus,CatDesign,IMPORTED,pseudocode,src/controllers/CatDesign_recovered.cpp
008c81f0,170,CatDesign::userConfiguration,CatDesign,IMPORTED,pseudocode,src/controllers/CatDesign_recovered.cpp
008c8300,10,CatDesign::workpieceAligned,CatDesign,IMPORTED,pseudocode,src/controllers/CatDesign_recovered.cpp
00be70e0,117,MainWindow::signalSendModel,MainWindow,IMPORTED,pseudocode,src/integration/MainWindow_design_integration.cpp
00be89c0,1461,CatDesign::qt_static_metacall,CatDesign,IMPORTED,pseudocode,src/controllers/CatDesign_recovered.cpp
00be90b0,21,CatDesign::metaObject,CatDesign,IMPORTED,pseudocode,src/controllers/CatDesign_recovered.cpp
00be90f0,79,CatDesign::qt_metacall,CatDesign,IMPORTED,pseudocode,src/controllers/CatDesign_recovered.cpp
00be91a0,93,CatDesign::qt_metacast,CatDesign,IMPORTED,pseudocode,src/controllers/CatDesign_recovered.cpp
00be92d0,117,CatDesign::sendModelMessage,CatDesign,IMPORTED,pseudocode,src/controllers/CatDesign_recovered.cpp
00be9380,20,CatDesign::sigShowWorker,CatDesign,IMPORTED,pseudocode,src/controllers/CatDesign_recovered.cpp
00be93a0,20,CatDesign::toolNameChanged,CatDesign,IMPORTED,pseudocode,src/controllers/CatDesign_recovered.cpp
101b63b0,30,G682Transform::EulerAngle::EulerAngle,G682Transform::EulerAngle,IMPORTED,pseudocode,src/geometry/G682Transform_recovered.cpp
101bb6a0,31,MdgOcct::OcctPnt::`scalar_deleting_destructor',MdgOcct::OcctPnt,IMPORTED,pseudocode,src/geometry/MdgOcct_recovered.cpp
101f6af0,58,GeometryOcct::LayerData::LayerData,GeometryOcct::LayerData,IMPORTED,pseudocode,src/geometry/GeometryOcct_recovered.cpp
101f6b30,117,GeometryOcct::LayerData::LayerData,GeometryOcct::LayerData,IMPORTED,pseudocode,src/geometry/GeometryOcct_recovered.cpp
101f8450,16,GeometryOcct::ProcessIndex::ProcessIndex,GeometryOcct::ProcessIndex,IMPORTED,pseudocode,src/geometry/GeometryOcct_recovered.cpp
101f87d0,209,GeometryOcct::SideFaceParams::SideFaceParams,GeometryOcct::SideFaceParams,IMPORTED,pseudocode,src/geometry/GeometryOcct_recovered.cpp
101f8f90,117,GeometryOcct::TranferAx2::TranferAx2,GeometryOcct::TranferAx2,IMPORTED,pseudocode,src/geometry/GeometryOcct_recovered.cpp
101fea30,9,GeometryOcct::LayerData::~LayerData,GeometryOcct::LayerData,IMPORTED,pseudocode,src/geometry/GeometryOcct_recovered.cpp
10200870,225,GeometryOcct::SideFaceParams::~SideFaceParams,GeometryOcct::SideFaceParams,IMPORTED,pseudocode,src/geometry/GeometryOcct_recovered.cpp
10203410,16,GeometryOcct::LayerData::operator==,GeometryOcct::LayerData,IMPORTED,pseudocode,src/geometry/GeometryOcct_recovered.cpp
102051a0,16,GeometryOcct::LayerData::operator<,GeometryOcct::LayerData,IMPORTED,pseudocode,src/geometry/GeometryOcct_recovered.cpp
10205290,16,GeometryOcct::ProcessIndex::operator<,GeometryOcct::ProcessIndex,IMPORTED,pseudocode,src/geometry/GeometryOcct_recovered.cpp
1020d780,34,GeometryOcct::LayerData::`scalar_deleting_destructor',GeometryOcct::LayerData,IMPORTED,pseudocode,src/geometry/GeometryOcct_recovered.cpp
1020d7f0,31,MdgOcctTube::`scalar_deleting_destructor',MdgOcctTube,IMPORTED,pseudocode,src/geometry/MdgOcctTube_recovered.cpp
1020d910,31,MdgOcctTube::OcctShapeWire::`scalar_deleting_destructor',MdgOcctTube::OcctShapeWire,IMPORTED,pseudocode,src/geometry/MdgOcctTube_recovered.cpp
1020dbd0,30,GeometryOcct::SideFaceParams::`scalar_deleting_destructor',GeometryOcct::SideFaceParams,IMPORTED,pseudocode,src/geometry/GeometryOcct_recovered.cpp
1028f6a0,130,ModuleAutoHole::GenerateWorkParamsList::GenerateWorkParamsList,ModuleAutoHole::GenerateWorkParamsList,IMPORTED,pseudocode,src/features/ModuleAutoHole_recovered.cpp
1028f730,33,ModuleAutoSlotFrame::GenerateWorkParamsList::GenerateWorkParamsList,ModuleAutoSlotFrame::GenerateWorkParamsList,IMPORTED,pseudocode,src/features/ModuleAutoSlotFrame_recovered.cpp
102954f0,129,GeometryOcct::SideFaceParams::SideFaceParams,GeometryOcct::SideFaceParams,IMPORTED,pseudocode,src/geometry/GeometryOcct_recovered.cpp
102955d0,400,ModuleAutoHole::WorkParams::WorkParams,ModuleAutoHole::WorkParams,IMPORTED,pseudocode,src/features/ModuleAutoHole_recovered.cpp
10295760,281,ModuleAutoSlotFrame::WorkParams::WorkParams,ModuleAutoSlotFrame::WorkParams,IMPORTED,pseudocode,src/features/ModuleAutoSlotFrame_recovered.cpp
10299400,179,ModuleAutoHole::GenerateWorkParamsList::~GenerateWorkParamsList,ModuleAutoHole::GenerateWorkParamsList,IMPORTED,pseudocode,src/features/ModuleAutoHole_recovered.cpp
102994c0,178,ModuleAutoSlotFrame::GenerateWorkParamsList::~GenerateWorkParamsList,ModuleAutoSlotFrame::GenerateWorkParamsList,IMPORTED,pseudocode,src/features/ModuleAutoSlotFrame_recovered.cpp
1029a270,105,ModuleAutoHole::WorkParams::~WorkParams,ModuleAutoHole::WorkParams,IMPORTED,pseudocode,src/features/ModuleAutoHole_recovered.cpp
1029a2e0,119,ModuleAutoSlotFrame::WorkParams::~WorkParams,ModuleAutoSlotFrame::WorkParams,IMPORTED,pseudocode,src/features/ModuleAutoSlotFrame_recovered.cpp
1029bf30,162,GeometryOcct::SideFaceParams::operator=,GeometryOcct::SideFaceParams,IMPORTED,pseudocode,src/geometry/GeometryOcct_recovered.cpp
102aae30,30,ModuleAutoHole::GenerateWorkParamsList::`scalar_deleting_destructor',ModuleAutoHole::GenerateWorkParamsList,IMPORTED,pseudocode,src/features/ModuleAutoHole_recovered.cpp
102aaee0,31,MdgOcct::`scalar_deleting_destructor',MdgOcct,IMPORTED,pseudocode,src/geometry/MdgOcct_recovered.cpp
102aaf40,31,MdgOcctTube::OcctCoordTube::`scalar_deleting_destructor',MdgOcctTube::OcctCoordTube,IMPORTED,pseudocode,src/geometry/MdgOcctTube_recovered.cpp
102aaf60,31,MdgOcctTube::OcctLayerData::`scalar_deleting_destructor',MdgOcctTube::OcctLayerData,IMPORTED,pseudocode,src/geometry/MdgOcctTube_recovered.cpp
102aaf80,31,MdgOcct::OcctShape3DData::`scalar_deleting_destructor',MdgOcct::OcctShape3DData,IMPORTED,pseudocode,src/geometry/MdgOcct_recovered.cpp
102aafa0,31,MdgOcct::OcctShape::`scalar_deleting_destructor',MdgOcct::OcctShape,IMPORTED,pseudocode,src/geometry/MdgOcct_recovered.cpp
102bc260,106,GeometryOcct::clone,GeometryOcct,IMPORTED,pseudocode,src/geometry/GeometryOcct_recovered.cpp
1036e320,221,GeometryOcct::GeometryOcct,GeometryOcct,IMPORTED,pseudocode,src/geometry/GeometryOcct_recovered.cpp
1036e400,376,GeometryOcct::GeometryOcct,GeometryOcct,IMPORTED,pseudocode,src/geometry/GeometryOcct_recovered.cpp
10375a00,518,GeometryOcct::~GeometryOcct,GeometryOcct,IMPORTED,pseudocode,src/geometry/GeometryOcct_recovered.cpp
103772c0,124,GeometryOcct::operator=,GeometryOcct,IMPORTED,pseudocode,src/geometry/GeometryOcct_recovered.cpp
10379a30,30,GeometryOcct::`scalar_deleting_destructor',GeometryOcct,IMPORTED,pseudocode,src/geometry/GeometryOcct_recovered.cpp
1037a020,370,GeometryOcct::addProgramParams,GeometryOcct,IMPORTED,pseudocode,src/geometry/GeometryOcct_recovered.cpp
1037a1a0,293,GeometryOcct::addProgramParams,GeometryOcct,IMPORTED,pseudocode,src/geometry/GeometryOcct_recovered.cpp
1037ee40,4453,GeometryOcct::calBoxBlank,GeometryOcct,IMPORTED,pseudocode,src/geometry/GeometryOcct_recovered.cpp
103805b0,1568,GeometryOcct::changeChildWire,GeometryOcct,IMPORTED,pseudocode,src/geometry/GeometryOcct_recovered.cpp
103828c0,7,GeometryOcct::childWireSize,GeometryOcct,IMPORTED,pseudocode,src/geometry/GeometryOcct_recovered.cpp
103837f0,1839,GeometryOcct::clearData,GeometryOcct,IMPORTED,pseudocode,src/geometry/GeometryOcct_recovered.cpp
10385030,696,GeometryOcct::deleteChildWire,GeometryOcct,IMPORTED,pseudocode,src/geometry/GeometryOcct_recovered.cpp
10386ed0,389,GeometryOcct::disAllProgramParams,GeometryOcct,IMPORTED,pseudocode,src/geometry/GeometryOcct_recovered.cpp
10387080,306,GeometryOcct::enableProgramParams,GeometryOcct,IMPORTED,pseudocode,src/geometry/GeometryOcct_recovered.cpp
10387870,926,GeometryOcct::existChildWire,GeometryOcct,IMPORTED,pseudocode,src/geometry/GeometryOcct_recovered.cpp
10387c20,872,GeometryOcct::existChildWire,GeometryOcct,IMPORTED,pseudocode,src/geometry/GeometryOcct_recovered.cpp
10389820,5704,GeometryOcct::geometryTransform,GeometryOcct,IMPORTED,pseudocode,src/geometry/GeometryOcct_recovered.cpp
1038afc0,29,GeometryOcct::getAllProgramParams,GeometryOcct,IMPORTED,pseudocode,src/geometry/GeometryOcct_recovered.cpp
1038afe0,7,GeometryOcct::getBlankParams,GeometryOcct,IMPORTED,pseudocode,src/geometry/GeometryOcct_recovered.cpp
1038b320,4,GeometryOcct::getChildDims,GeometryOcct,IMPORTED,pseudocode,src/geometry/GeometryOcct_recovered.cpp
1038b330,701,GeometryOcct::getChildShapes,GeometryOcct,IMPORTED,pseudocode,src/geometry/GeometryOcct_recovered.cpp
1038b5f0,4,GeometryOcct::getChildTexts,GeometryOcct,IMPORTED,pseudocode,src/geometry/GeometryOcct_recovered.cpp
1038b600,731,GeometryOcct::getChildWire,GeometryOcct,IMPORTED,pseudocode,src/geometry/GeometryOcct_recovered.cpp
1038b8e0,475,GeometryOcct::getChildWire,GeometryOcct,IMPORTED,pseudocode,src/geometry/GeometryOcct_recovered.cpp
1038bac0,4,GeometryOcct::getChildWires,GeometryOcct,IMPORTED,pseudocode,src/geometry/GeometryOcct_recovered.cpp
1038bad0,4,GeometryOcct::getCircleFace3D,GeometryOcct,IMPORTED,pseudocode,src/geometry/GeometryOcct_recovered.cpp
1038c4a0,4,GeometryOcct::getCurActiveLayerId,GeometryOcct,IMPORTED,pseudocode,src/geometry/GeometryOcct_recovered.cpp
1038c6a0,7,GeometryOcct::getIs3D,GeometryOcct,IMPORTED,pseudocode,src/geometry/GeometryOcct_recovered.cpp
1038c6c0,10,GeometryOcct::getIsEyelet,GeometryOcct,IMPORTED,pseudocode,src/geometry/GeometryOcct_recovered.cpp
1038c6d0,10,GeometryOcct::getIsFromDtmFile,GeometryOcct,IMPORTED,pseudocode,src/geometry/GeometryOcct_recovered.cpp
1038c6f0,610,GeometryOcct::getLayerShape,GeometryOcct,IMPORTED,pseudocode,src/geometry/GeometryOcct_recovered.cpp
1038c960,282,GeometryOcct::getLayerShow,GeometryOcct,IMPORTED,pseudocode,src/geometry/GeometryOcct_recovered.cpp
1038ca80,9,GeometryOcct::getListPartAnalysis,GeometryOcct,IMPORTED,pseudocode,src/geometry/GeometryOcct_recovered.cpp
1038ca90,955,GeometryOcct::getListProcess,GeometryOcct,IMPORTED,pseudocode,src/geometry/GeometryOcct_recovered.cpp
1038ce50,35,GeometryOcct::getMapChildColor,GeometryOcct,IMPORTED,pseudocode,src/geometry/GeometryOcct_recovered.cpp
1038ce90,29,GeometryOcct::getMapLayereShapes,GeometryOcct,IMPORTED,pseudocode,src/geometry/GeometryOcct_recovered.cpp
1038df60,35,GeometryOcct::getOriginal,GeometryOcct,IMPORTED,pseudocode,src/geometry/GeometryOcct_recovered.cpp
1038df90,685,GeometryOcct::getPartChildWires,GeometryOcct,IMPORTED,pseudocode,src/geometry/GeometryOcct_recovered.cpp
1038e240,257,GeometryOcct::getProcess,GeometryOcct,IMPORTED,pseudocode,src/geometry/GeometryOcct_recovered.cpp
1038e350,277,GeometryOcct::getProgramParams,GeometryOcct,IMPORTED,pseudocode,src/geometry/GeometryOcct_recovered.cpp
1038e470,340,GeometryOcct::getProgramParams,GeometryOcct,IMPORTED,pseudocode,src/geometry/GeometryOcct_recovered.cpp
10390860,1058,GeometryOcct::getSelectBoxShape,GeometryOcct,IMPORTED,pseudocode,src/geometry/GeometryOcct_recovered.cpp
10394d90,4,GeometryOcct::getSideFace3D,GeometryOcct,IMPORTED,pseudocode,src/geometry/GeometryOcct_recovered.cpp
10394dd0,4,GeometryOcct::getTube3D,GeometryOcct,IMPORTED,pseudocode,src/geometry/GeometryOcct_recovered.cpp
10394de0,7,GeometryOcct::getTube,GeometryOcct,IMPORTED,pseudocode,src/geometry/GeometryOcct_recovered.cpp
10394df0,31,GeometryOcct::getTubeColor,GeometryOcct,IMPORTED,pseudocode,src/geometry/GeometryOcct_recovered.cpp
10394e50,1404,GeometryOcct::getWire3D,GeometryOcct,IMPORTED,pseudocode,src/geometry/GeometryOcct_recovered.cpp
103953d0,91,GeometryOcct::getWorkChildWires,GeometryOcct,IMPORTED,pseudocode,src/geometry/GeometryOcct_recovered.cpp
10396800,4,GeometryOcct::getcoordArrayIds,GeometryOcct,IMPORTED,pseudocode,src/geometry/GeometryOcct_recovered.cpp
10396810,4,GeometryOcct::getenableCoordArray,GeometryOcct,IMPORTED,pseudocode,src/geometry/GeometryOcct_recovered.cpp
10396ae0,98,GeometryOcct::insertMapLayer,GeometryOcct,IMPORTED,pseudocode,src/geometry/GeometryOcct_recovered.cpp
10396c60,614,GeometryOcct::insetChildWires,GeometryOcct,IMPORTED,pseudocode,src/geometry/GeometryOcct_recovered.cpp
10396ed0,61,GeometryOcct::insetPartChildWires,GeometryOcct,IMPORTED,pseudocode,src/geometry/GeometryOcct_recovered.cpp
103972e0,10,GeometryOcct::isModified,GeometryOcct,IMPORTED,pseudocode,src/geometry/GeometryOcct_recovered.cpp
10397550,230,GeometryOcct::maxSn,GeometryOcct,IMPORTED,pseudocode,src/geometry/GeometryOcct_recovered.cpp
1039a010,336,GeometryOcct::pntLListTransform,GeometryOcct,IMPORTED,pseudocode,src/geometry/GeometryOcct_recovered.cpp
1039a160,504,GeometryOcct::pntLListTransform,GeometryOcct,IMPORTED,pseudocode,src/geometry/GeometryOcct_recovered.cpp
1039a360,517,GeometryOcct::pntListTransform,GeometryOcct,IMPORTED,pseudocode,src/geometry/GeometryOcct_recovered.cpp
1039a570,306,GeometryOcct::pntListTransform,GeometryOcct,IMPORTED,pseudocode,src/geometry/GeometryOcct_recovered.cpp
1039a6b0,762,GeometryOcct::pointTransform,GeometryOcct,IMPORTED,pseudocode,src/geometry/GeometryOcct_recovered.cpp
1039a9b0,635,GeometryOcct::pointTransform,GeometryOcct,IMPORTED,pseudocode,src/geometry/GeometryOcct_recovered.cpp
1039bd20,346,GeometryOcct::rebuild,GeometryOcct,IMPORTED,pseudocode,src/geometry/GeometryOcct_recovered.cpp
1039c5d0,447,GeometryOcct::removeBlankWire,GeometryOcct,IMPORTED,pseudocode,src/geometry/GeometryOcct_recovered.cpp
1039c7a0,16,GeometryOcct::removeChildWires,GeometryOcct,IMPORTED,pseudocode,src/geometry/GeometryOcct_recovered.cpp
1039c990,89,GeometryOcct::removeMapLayer,GeometryOcct,IMPORTED,pseudocode,src/geometry/GeometryOcct_recovered.cpp
1039c9f0,285,GeometryOcct::removeProgramParams,GeometryOcct,IMPORTED,pseudocode,src/geometry/GeometryOcct_recovered.cpp
1039cd60,251,GeometryOcct::replaceChildWires,GeometryOcct,IMPORTED,pseudocode,src/geometry/GeometryOcct_recovered.cpp
1039ce60,901,GeometryOcct::replaceProgramParams,GeometryOcct,IMPORTED,pseudocode,src/geometry/GeometryOcct_recovered.cpp
1039db00,450,GeometryOcct::resetCood,GeometryOcct,IMPORTED,pseudocode,src/geometry/GeometryOcct_recovered.cpp
1039dcd0,450,GeometryOcct::resetCoolType,GeometryOcct,IMPORTED,pseudocode,src/geometry/GeometryOcct_recovered.cpp
1039dea0,454,GeometryOcct::resetSafetHeight,GeometryOcct,IMPORTED,pseudocode,src/geometry/GeometryOcct_recovered.cpp
1039f870,72,GeometryOcct::setBlankParams,GeometryOcct,IMPORTED,pseudocode,src/geometry/GeometryOcct_recovered.cpp
1039f920,81,GeometryOcct::setChildDims,GeometryOcct,IMPORTED,pseudocode,src/geometry/GeometryOcct_recovered.cpp
1039f980,81,GeometryOcct::setChildTexts,GeometryOcct,IMPORTED,pseudocode,src/geometry/GeometryOcct_recovered.cpp
1039f9e0,8,GeometryOcct::setChildWires,GeometryOcct,IMPORTED,pseudocode,src/geometry/GeometryOcct_recovered.cpp
1039f9f0,8,GeometryOcct::setCircleFace3D,GeometryOcct,IMPORTED,pseudocode,src/geometry/GeometryOcct_recovered.cpp
1039fca0,10,GeometryOcct::setCurActiveLayerId,GeometryOcct,IMPORTED,pseudocode,src/geometry/GeometryOcct_recovered.cpp
1039fcf0,13,GeometryOcct::setIs3D,GeometryOcct,IMPORTED,pseudocode,src/geometry/GeometryOcct_recovered.cpp
1039fd10,16,GeometryOcct::setIsEyelet,GeometryOcct,IMPORTED,pseudocode,src/geometry/GeometryOcct_recovered.cpp
1039fd20,16,GeometryOcct::setIsFromDtmFile,GeometryOcct,IMPORTED,pseudocode,src/geometry/GeometryOcct_recovered.cpp
1039fe20,91,GeometryOcct::setListPartAnalysis,GeometryOcct,IMPORTED,pseudocode,src/geometry/GeometryOcct_recovered.cpp
1039fe80,14,GeometryOcct::setMapChildColor,GeometryOcct,IMPORTED,pseudocode,src/geometry/GeometryOcct_recovered.cpp
103a0070,8,GeometryOcct::setMapLayereShapes,GeometryOcct,IMPORTED,pseudocode,src/geometry/GeometryOcct_recovered.cpp
103a0430,16,GeometryOcct::setModified,GeometryOcct,IMPORTED,pseudocode,src/geometry/GeometryOcct_recovered.cpp
103a0650,34,GeometryOcct::setOriginal,GeometryOcct,IMPORTED,pseudocode,src/geometry/GeometryOcct_recovered.cpp
103a0680,51,GeometryOcct::setProgramParams,GeometryOcct,IMPORTED,pseudocode,src/geometry/GeometryOcct_recovered.cpp
103a07c0,81,GeometryOcct::setSideFace3D,GeometryOcct,IMPORTED,pseudocode,src/geometry/GeometryOcct_recovered.cpp
103a0860,75,GeometryOcct::setTube3D,GeometryOcct,IMPORTED,pseudocode,src/geometry/GeometryOcct_recovered.cpp
103a08b0,78,GeometryOcct::setTube,GeometryOcct,IMPORTED,pseudocode,src/geometry/GeometryOcct_recovered.cpp
103a0900,31,GeometryOcct::setTubeColor,GeometryOcct,IMPORTED,pseudocode,src/geometry/GeometryOcct_recovered.cpp
103a0920,489,GeometryOcct::setWire3D,GeometryOcct,IMPORTED,pseudocode,src/geometry/GeometryOcct_recovered.cpp
103a23d0,81,GeometryOcct::setcoordArrayIds,GeometryOcct,IMPORTED,pseudocode,src/geometry/GeometryOcct_recovered.cpp
103a2430,10,GeometryOcct::setenableCoordArray,GeometryOcct,IMPORTED,pseudocode,src/geometry/GeometryOcct_recovered.cpp
103a27a0,432,GeometryOcct::shapeTransform,GeometryOcct,IMPORTED,pseudocode,src/geometry/GeometryOcct_recovered.cpp
103a2ee0,42,GeometryOcct::tr,GeometryOcct,IMPORTED,pseudocode,src/geometry/GeometryOcct_recovered.cpp
103a2f10,6260,GeometryOcct::tranferShape,GeometryOcct,IMPORTED,pseudocode,src/geometry/GeometryOcct_recovered.cpp
103a4ce0,444,GeometryOcct::updateMapLayer,GeometryOcct,IMPORTED,pseudocode,src/geometry/GeometryOcct_recovered.cpp
103a4ea0,995,GeometryOcct::updateMapLayer,GeometryOcct,IMPORTED,pseudocode,src/geometry/GeometryOcct_recovered.cpp
103a5870,1227,GeometryOcct::updateMinorIdMoveDown,GeometryOcct,IMPORTED,pseudocode,src/geometry/GeometryOcct_recovered.cpp
103aaad0,318,GeometryOcct::updateProgramParams,GeometryOcct,IMPORTED,pseudocode,src/geometry/GeometryOcct_recovered.cpp
103aac10,342,GeometryOcct::updateProgramParams,GeometryOcct,IMPORTED,pseudocode,src/geometry/GeometryOcct_recovered.cpp
103aad70,306,GeometryOcct::updateProgramParams,GeometryOcct,IMPORTED,pseudocode,src/geometry/GeometryOcct_recovered.cpp
103aaeb0,326,GeometryOcct::updateProgramParams,GeometryOcct,IMPORTED,pseudocode,src/geometry/GeometryOcct_recovered.cpp
103ab180,1652,GeometryOcct::valueCopyFrom,GeometryOcct,IMPORTED,pseudocode,src/geometry/GeometryOcct_recovered.cpp
103abab0,519,GeometryOcct::wireTransform,GeometryOcct,IMPORTED,pseudocode,src/geometry/GeometryOcct_recovered.cpp
1049c810,742,ModelRefine::FaceAdjacencySplitter::FaceAdjacencySplitter,ModelRefine::FaceAdjacencySplitter,IMPORTED,pseudocode,src/geometry/ModelRefine_recovered.cpp
1049cb00,23,ModelRefine::FaceEqualitySplitter::FaceEqualitySplitter,ModelRefine::FaceEqualitySplitter,IMPORTED,pseudocode,src/geometry/ModelRefine_recovered.cpp
1049cb20,124,ModelRefine::FaceTypeSplitter::FaceTypeSplitter,ModelRefine::FaceTypeSplitter,IMPORTED,pseudocode,src/geometry/ModelRefine_recovered.cpp
1049cba0,16,ModelRefine::FaceTypedBSpline::FaceTypedBSpline,ModelRefine::FaceTypedBSpline,IMPORTED,pseudocode,src/geometry/ModelRefine_recovered.cpp
1049cbb0,20,ModelRefine::FaceTypedBase::FaceTypedBase,ModelRefine::FaceTypedBase,IMPORTED,pseudocode,src/geometry/ModelRefine_recovered.cpp
1049cbd0,16,ModelRefine::FaceTypedCylinder::FaceTypedCylinder,ModelRefine::FaceTypedCylinder,IMPORTED,pseudocode,src/geometry/ModelRefine_recovered.cpp
1049cbe0,16,ModelRefine::FaceTypedPlane::FaceTypedPlane,ModelRefine::FaceTypedPlane,IMPORTED,pseudocode,src/geometry/ModelRefine_recovered.cpp
1049cbf0,245,ModelRefine::FaceUniter::FaceUniter,ModelRefine::FaceUniter,IMPORTED,pseudocode,src/geometry/ModelRefine_recovered.cpp
1049d900,427,ModelRefine::FaceAdjacencySplitter::~FaceAdjacencySplitter,ModelRefine::FaceAdjacencySplitter,IMPORTED,pseudocode,src/geometry/ModelRefine_recovered.cpp
1049dab0,65,ModelRefine::FaceEqualitySplitter::~FaceEqualitySplitter,ModelRefine::FaceEqualitySplitter,IMPORTED,pseudocode,src/geometry/ModelRefine_recovered.cpp
1049db00,186,ModelRefine::FaceTypeSplitter::~FaceTypeSplitter,ModelRefine::FaceTypeSplitter,IMPORTED,pseudocode,src/geometry/ModelRefine_recovered.cpp
1049dbc0,302,ModelRefine::FaceUniter::~FaceUniter,ModelRefine::FaceUniter,IMPORTED,pseudocode,src/geometry/ModelRefine_recovered.cpp
1049e8a0,276,ModelRefine::WireSort::operator(),ModelRefine::WireSort,IMPORTED,pseudocode,src/geometry/ModelRefine_recovered.cpp
104a1ef0,77,ModelRefine::FaceTypeSplitter::addShell,ModelRefine::FaceTypeSplitter,IMPORTED,pseudocode,src/geometry/ModelRefine_recovered.cpp
104a24e0,602,ModelRefine::boundaryEdges,ModelRefine,IMPORTED,pseudocode,src/geometry/ModelRefine_recovered.cpp
104a2750,1577,ModelRefine::FaceTypedBase::boundarySplit,ModelRefine::FaceTypedBase,IMPORTED,pseudocode,src/geometry/ModelRefine_recovered.cpp
104a2d80,1832,ModelRefine::FaceTypedCylinder::boundarySplit,ModelRefine::FaceTypedCylinder,IMPORTED,pseudocode,src/geometry/ModelRefine_recovered.cpp
104a34b0,2003,ModelRefine::FaceTypedBSpline::buildFace,ModelRefine::FaceTypedBSpline,IMPORTED,pseudocode,src/geometry/ModelRefine_recovered.cpp
104a3c90,5406,ModelRefine::FaceTypedCylinder::buildFace,ModelRefine::FaceTypedCylinder,IMPORTED,pseudocode,src/geometry/ModelRefine_recovered.cpp
104a51b0,1816,ModelRefine::FaceTypedPlane::buildFace,ModelRefine::FaceTypedPlane,IMPORTED,pseudocode,src/geometry/ModelRefine_recovered.cpp
104a68d0,43,ModelRefine::getBSplineObject,ModelRefine,IMPORTED,pseudocode,src/geometry/ModelRefine_recovered.cpp
104a6900,43,ModelRefine::getCylinderObject,ModelRefine,IMPORTED,pseudocode,src/geometry/ModelRefine_recovered.cpp
104a6930,4,ModelRefine::FaceUniter::getDeletedShapes,ModelRefine::FaceUniter,IMPORTED,pseudocode,src/geometry/ModelRefine_recovered.cpp
104a6940,212,ModelRefine::getFaceEdges,ModelRefine,IMPORTED,pseudocode,src/geometry/ModelRefine_recovered.cpp
104a6a20,216,ModelRefine::FaceTypedBase::getFaceType,ModelRefine::FaceTypedBase,IMPORTED,pseudocode,src/geometry/ModelRefine_recovered.cpp
104a6e20,17,ModelRefine::FaceAdjacencySplitter::getGroup,ModelRefine::FaceAdjacencySplitter,IMPORTED,pseudocode,src/geometry/ModelRefine_recovered.cpp
104a6e40,17,ModelRefine::FaceEqualitySplitter::getGroup,ModelRefine::FaceEqualitySplitter,IMPORTED,pseudocode,src/geometry/ModelRefine_recovered.cpp
104a6e60,22,ModelRefine::FaceAdjacencySplitter::getGroupCount,ModelRefine::FaceAdjacencySplitter,IMPORTED,pseudocode,src/geometry/ModelRefine_recovered.cpp
104a6e80,22,ModelRefine::FaceEqualitySplitter::getGroupCount,ModelRefine::FaceEqualitySplitter,IMPORTED,pseudocode,src/geometry/ModelRefine_recovered.cpp
104a6ea0,4,ModelRefine::FaceUniter::getModifiedShapes,ModelRefine::FaceUniter,IMPORTED,pseudocode,src/geometry/ModelRefine_recovered.cpp
104a6eb0,43,ModelRefine::getPlaneObject,ModelRefine,IMPORTED,pseudocode,src/geometry/ModelRefine_recovered.cpp
104a6ee0,3,ModelRefine::FaceUniter::getShell,ModelRefine::FaceUniter,IMPORTED,pseudocode,src/geometry/ModelRefine_recovered.cpp
104a6ef0,6,ModelRefine::FaceTypedBSpline::getType,ModelRefine::FaceTypedBSpline,IMPORTED,pseudocode,src/geometry/ModelRefine_recovered.cpp
104a6f00,6,ModelRefine::FaceTypedCylinder::getType,ModelRefine::FaceTypedCylinder,IMPORTED,pseudocode,src/geometry/ModelRefine_recovered.cpp
104a6f10,3,ModelRefine::FaceTypedPlane::getType,ModelRefine::FaceTypedPlane,IMPORTED,pseudocode,src/geometry/ModelRefine_recovered.cpp
104a6f20,110,ModelRefine::FaceTypeSplitter::getTypedFaceVector,ModelRefine::FaceTypeSplitter,IMPORTED,pseudocode,src/geometry/ModelRefine_recovered.cpp
104a6f90,76,ModelRefine::FaceTypeSplitter::hasType,ModelRefine::FaceTypeSplitter,IMPORTED,pseudocode,src/geometry/ModelRefine_recovered.cpp
104a7000,1783,ModelRefine::FaceTypedBSpline::isEqual,ModelRefine::FaceTypedBSpline,IMPORTED,pseudocode,src/geometry/ModelRefine_recovered.cpp
104a7710,433,ModelRefine::FaceTypedCylinder::isEqual,ModelRefine::FaceTypedCylinder,IMPORTED,pseudocode,src/geometry/ModelRefine_recovered.cpp
104a78d0,470,ModelRefine::FaceTypedPlane::isEqual,ModelRefine::FaceTypedPlane,IMPORTED,pseudocode,src/geometry/ModelRefine_recovered.cpp
104a7ab0,4,ModelRefine::FaceUniter::isModified,ModelRefine::FaceUniter,IMPORTED,pseudocode,src/geometry/ModelRefine_recovered.cpp
104a7e80,3123,ModelRefine::FaceUniter::process,ModelRefine::FaceUniter,IMPORTED,pseudocode,src/geometry/ModelRefine_recovered.cpp
104a9030,342,ModelRefine::FaceAdjacencySplitter::recursiveFind,ModelRefine::FaceAdjacencySplitter,IMPORTED,pseudocode,src/geometry/ModelRefine_recovered.cpp
104a9190,192,ModelRefine::FaceTypeSplitter::registerType,ModelRefine::FaceTypeSplitter,IMPORTED,pseudocode,src/geometry/ModelRefine_recovered.cpp
104a9250,365,ModelRefine::removeFaces,ModelRefine,IMPORTED,pseudocode,src/geometry/ModelRefine_recovered.cpp
104a95c0,465,ModelRefine::FaceAdjacencySplitter::split,ModelRefine::FaceAdjacencySplitter,IMPORTED,pseudocode,src/geometry/ModelRefine_recovered.cpp
104a97a0,618,ModelRefine::FaceEqualitySplitter::split,ModelRefine::FaceEqualitySplitter,IMPORTED,pseudocode,src/geometry/ModelRefine_recovered.cpp
104a9a10,455,ModelRefine::FaceTypeSplitter::split,ModelRefine::FaceTypeSplitter,IMPORTED,pseudocode,src/geometry/ModelRefine_recovered.cpp
104c6d00,4,DialogSort::getSortType,DialogSort,IMPORTED,pseudocode,src/features/DialogSort_recovered.cpp
1074f380,1753,DialogSort::DialogSort,DialogSort,IMPORTED,pseudocode,src/features/DialogSort_recovered.cpp
1074fb00,166,DialogSort::~DialogSort,DialogSort,IMPORTED,pseudocode,src/features/DialogSort_recovered.cpp
1074fde6,8,DialogSort::`vector_deleting_destructor'`adjustor{8}',DialogSort,ANALYSIS,pseudocode,src/features/DialogSort_recovered.cpp
1074fdf0,30,DialogSort::`scalar_deleting_destructor',DialogSort,IMPORTED,pseudocode,src/features/DialogSort_recovered.cpp
1074ff20,349,DialogSort::createSortBtn,DialogSort,IMPORTED,pseudocode,src/features/DialogSort_recovered.cpp
10750240,12,DialogSort::getAllowance,DialogSort,IMPORTED,pseudocode,src/features/DialogSort_recovered.cpp
10750380,8,DialogSort::on_btn_Cancel_clicked,DialogSort,IMPORTED,pseudocode,src/features/DialogSort_recovered.cpp
10750390,59,DialogSort::on_btn_Confirm_clicked,DialogSort,IMPORTED,pseudocode,src/features/DialogSort_recovered.cpp
10750bb0,305,DialogSort::sortWayChanged,DialogSort,IMPORTED,pseudocode,src/features/DialogSort_recovered.cpp
10750cf0,42,DialogSort::tr,DialogSort,IMPORTED,pseudocode,src/features/DialogSort_recovered.cpp
10771cd0,57,ModuleAutoHole::GenerateWorkParamsList::GenerateWorkParamsList,ModuleAutoHole::GenerateWorkParamsList,IMPORTED,pseudocode,src/features/ModuleAutoHole_recovered.cpp
10771e20,4466,ModuleAutoHole::ModuleAutoHole,ModuleAutoHole,IMPORTED,pseudocode,src/features/ModuleAutoHole_recovered.cpp
10773440,74,ModuleAutoHole::WorkItem::WorkItem,ModuleAutoHole::WorkItem,IMPORTED,pseudocode,src/features/ModuleAutoHole_recovered.cpp
10773490,49,ModuleAutoHole::WorkItem::WorkItem,ModuleAutoHole::WorkItem,IMPORTED,pseudocode,src/features/ModuleAutoHole_recovered.cpp
107734d0,188,ModuleAutoHole::WorkParams::WorkParams,ModuleAutoHole::WorkParams,IMPORTED,pseudocode,src/features/ModuleAutoHole_recovered.cpp
10773590,29,ModuleAutoHole::WorkParamsList::WorkParamsList,ModuleAutoHole::WorkParamsList,IMPORTED,pseudocode,src/features/ModuleAutoHole_recovered.cpp
107735b0,17,ModuleAutoHole::WorkParamsList::WorkParamsList,ModuleAutoHole::WorkParamsList,IMPORTED,pseudocode,src/features/ModuleAutoHole_recovered.cpp
107735d0,176,ModuleAutoHole::WorkSchemes::WorkSchemes,ModuleAutoHole::WorkSchemes,IMPORTED,pseudocode,src/features/ModuleAutoHole_recovered.cpp
10773680,56,ModuleAutoHole::WorkSchemes::WorkSchemes,ModuleAutoHole::WorkSchemes,IMPORTED,pseudocode,src/features/ModuleAutoHole_recovered.cpp
107736c0,128,ModuleAutoHole::WorkToollib::WorkToollib,ModuleAutoHole::WorkToollib,IMPORTED,pseudocode,src/features/ModuleAutoHole_recovered.cpp
10773740,43,ModuleAutoHole::WorkToollib::WorkToollib,ModuleAutoHole::WorkToollib,IMPORTED,pseudocode,src/features/ModuleAutoHole_recovered.cpp
10774270,1223,ModuleAutoHole::~ModuleAutoHole,ModuleAutoHole,IMPORTED,pseudocode,src/features/ModuleAutoHole_recovered.cpp
10774740,132,ModuleAutoHole::WorkItem::~WorkItem,ModuleAutoHole::WorkItem,IMPORTED,pseudocode,src/features/ModuleAutoHole_recovered.cpp
107747d0,39,ModuleAutoHole::WorkParamsList::~WorkParamsList,ModuleAutoHole::WorkParamsList,IMPORTED,pseudocode,src/features/ModuleAutoHole_recovered.cpp
10774800,225,ModuleAutoHole::WorkSchemes::~WorkSchemes,ModuleAutoHole::WorkSchemes,IMPORTED,pseudocode,src/features/ModuleAutoHole_recovered.cpp
107748f0,6,ModuleAutoHole::WorkToollib::~WorkToollib,ModuleAutoHole::WorkToollib,IMPORTED,pseudocode,src/features/ModuleAutoHole_recovered.cpp
10774d60,131,ModuleAutoHole::GenerateWorkParamsList::operator=,ModuleAutoHole::GenerateWorkParamsList,IMPORTED,pseudocode,src/features/ModuleAutoHole_recovered.cpp
10774e70,396,ModuleAutoHole::WorkParams::operator=,ModuleAutoHole::WorkParams,IMPORTED,pseudocode,src/features/ModuleAutoHole_recovered.cpp
10775000,90,ModuleAutoHole::WorkParamsList::operator=,ModuleAutoHole::WorkParamsList,IMPORTED,pseudocode,src/features/ModuleAutoHole_recovered.cpp
107776b6,8,ModuleAutoHole::`vector_deleting_destructor'`adjustor{8}',ModuleAutoHole,ANALYSIS,pseudocode,src/features/ModuleAutoHole_recovered.cpp
107779f0,30,ModuleAutoHole::`scalar_deleting_destructor',ModuleAutoHole,IMPORTED,pseudocode,src/features/ModuleAutoHole_recovered.cpp
10777a10,152,ModuleAutoHole::WorkItem::`scalar_deleting_destructor',ModuleAutoHole::WorkItem,IMPORTED,pseudocode,src/features/ModuleAutoHole_recovered.cpp
10777ab0,125,ModuleAutoHole::WorkParams::`scalar_deleting_destructor',ModuleAutoHole::WorkParams,IMPORTED,pseudocode,src/features/ModuleAutoHole_recovered.cpp
10777b30,65,ModuleAutoHole::WorkParamsList::`scalar_deleting_destructor',ModuleAutoHole::WorkParamsList,IMPORTED,pseudocode,src/features/ModuleAutoHole_recovered.cpp
10777b80,30,ModuleAutoHole::WorkSchemes::`scalar_deleting_destructor',ModuleAutoHole::WorkSchemes,IMPORTED,pseudocode,src/features/ModuleAutoHole_recovered.cpp
10777ba0,31,ModuleAutoHole::WorkToollib::`scalar_deleting_destructor',ModuleAutoHole::WorkToollib,IMPORTED,pseudocode,src/features/ModuleAutoHole_recovered.cpp
10778550,5,ModuleAutoHole::acceptedTaskProgress,ModuleAutoHole,IMPORTED,pseudocode,src/features/ModuleAutoHole_recovered.cpp
107785d0,21099,ModuleAutoHole::analyShape,ModuleAutoHole,IMPORTED,pseudocode,src/features/ModuleAutoHole_recovered.cpp
1077f850,791,ModuleAutoHole::calFaceAngle,ModuleAutoHole,IMPORTED,pseudocode,src/features/ModuleAutoHole_recovered.cpp
1077fb70,5117,ModuleAutoHole::calOtherParams,ModuleAutoHole,IMPORTED,pseudocode,src/features/ModuleAutoHole_recovered.cpp
10780f70,927,ModuleAutoHole::calSlopeFaceZ,ModuleAutoHole,IMPORTED,pseudocode,src/features/ModuleAutoHole_recovered.cpp
10784410,385,ModuleAutoHole::clearData,ModuleAutoHole,IMPORTED,pseudocode,src/features/ModuleAutoHole_recovered.cpp
107845a0,365,ModuleAutoHole::clearShapeHole,ModuleAutoHole,IMPORTED,pseudocode,src/features/ModuleAutoHole_recovered.cpp
10784720,632,ModuleAutoHole::clearWorkParams,ModuleAutoHole,IMPORTED,pseudocode,src/features/ModuleAutoHole_recovered.cpp
10784e20,1220,ModuleAutoHole::craftTypeChanged,ModuleAutoHole,IMPORTED,pseudocode,src/features/ModuleAutoHole_recovered.cpp
10785710,38,ModuleAutoHole::customContextMenuRequested,ModuleAutoHole,IMPORTED,pseudocode,src/features/ModuleAutoHole_recovered.cpp
10785740,38,ModuleAutoHole::customContextMenuRequestedSubHole,ModuleAutoHole,IMPORTED,pseudocode,src/features/ModuleAutoHole_recovered.cpp
10785770,38,ModuleAutoHole::customContextMenuRequestedSubOp,ModuleAutoHole,IMPORTED,pseudocode,src/features/ModuleAutoHole_recovered.cpp
107880a0,135,ModuleAutoHole::eventFilter,ModuleAutoHole,IMPORTED,pseudocode,src/features/ModuleAutoHole_recovered.cpp
107883d0,16034,ModuleAutoHole::generateWorkList,ModuleAutoHole,IMPORTED,symbolized_assembly,src/features/ModuleAutoHole_recovered.cpp
1078c2e0,3,ModuleAutoHole::hideEvent,ModuleAutoHole,IMPORTED,pseudocode,src/features/ModuleAutoHole_recovered.cpp
1078c5a0,1611,ModuleAutoHole::initalSubHoleTable,ModuleAutoHole,IMPORTED,pseudocode,src/features/ModuleAutoHole_recovered.cpp
1078cbf0,7042,ModuleAutoHole::initalSubItemTable,ModuleAutoHole,IMPORTED,pseudocode,src/features/ModuleAutoHole_recovered.cpp
1078e780,8226,ModuleAutoHole::initalTable,ModuleAutoHole,IMPORTED,pseudocode,src/features/ModuleAutoHole_recovered.cpp
10790c30,607,ModuleAutoHole::WorkParams::isEqual,ModuleAutoHole::WorkParams,IMPORTED,pseudocode,src/features/ModuleAutoHole_recovered.cpp
10791170,154,ModuleAutoHole::materialChanged,ModuleAutoHole,IMPORTED,pseudocode,src/features/ModuleAutoHole_recovered.cpp
10792a00,15441,ModuleAutoHole::on_btn_Generate_clicked,ModuleAutoHole,IMPORTED,pseudocode,src/features/ModuleAutoHole_recovered.cpp
107966a0,514,ModuleAutoHole::on_btn_OpenExcel_clicked,ModuleAutoHole,IMPORTED,pseudocode,src/features/ModuleAutoHole_recovered.cpp
107968b0,8,ModuleAutoHole::on_btn_SelectFace_clicked,ModuleAutoHole,IMPORTED,pseudocode,src/features/ModuleAutoHole_recovered.cpp
107968c0,8,ModuleAutoHole::on_btn_SelectSolid_clicked,ModuleAutoHole,IMPORTED,pseudocode,src/features/ModuleAutoHole_recovered.cpp
107969b0,1505,ModuleAutoHole::processDelete,ModuleAutoHole,IMPORTED,pseudocode,src/features/ModuleAutoHole_recovered.cpp
10796fa0,44,ModuleAutoHole::processDeleteAll,ModuleAutoHole,IMPORTED,pseudocode,src/features/ModuleAutoHole_recovered.cpp
10796fd0,1061,ModuleAutoHole::processSubHoleDelete,ModuleAutoHole,IMPORTED,pseudocode,src/features/ModuleAutoHole_recovered.cpp
10797400,835,ModuleAutoHole::processSubOpDelete,ModuleAutoHole,IMPORTED,pseudocode,src/features/ModuleAutoHole_recovered.cpp
10797760,8004,ModuleAutoHole::readExcelData,ModuleAutoHole,IMPORTED,pseudocode,src/features/ModuleAutoHole_recovered.cpp
107996e0,2806,ModuleAutoHole::readExcelSheet,ModuleAutoHole,IMPORTED,pseudocode,src/features/ModuleAutoHole_recovered.cpp
1079a1f0,661,ModuleAutoHole::readSimplifyTxt,ModuleAutoHole,IMPORTED,pseudocode,src/features/ModuleAutoHole_recovered.cpp
1079a490,2007,ModuleAutoHole::recursionShapeHole,ModuleAutoHole,IMPORTED,pseudocode,src/features/ModuleAutoHole_recovered.cpp
1079be60,1346,ModuleAutoHole::selectClick,ModuleAutoHole,IMPORTED,pseudocode,src/features/ModuleAutoHole_recovered.cpp
1079c3b0,142,ModuleAutoHole::setDetectedShape,ModuleAutoHole,IMPORTED,pseudocode,src/features/ModuleAutoHole_recovered.cpp
1079c440,709,ModuleAutoHole::setSelectedShapes,ModuleAutoHole,IMPORTED,pseudocode,src/features/ModuleAutoHole_recovered.cpp
1079e690,148,ModuleAutoHole::shapeSelect,ModuleAutoHole,IMPORTED,pseudocode,src/features/ModuleAutoHole_recovered.cpp
1079e730,1811,ModuleAutoHole::showCoord,ModuleAutoHole,IMPORTED,pseudocode,src/features/ModuleAutoHole_recovered.cpp
1079ee50,1205,ModuleAutoHole::showHoleShape,ModuleAutoHole,IMPORTED,pseudocode,src/features/ModuleAutoHole_recovered.cpp
1079f3f0,564,ModuleAutoHole::slotCoordSelectedChanged,ModuleAutoHole,IMPORTED,pseudocode,src/features/ModuleAutoHole_recovered.cpp
1079f860,115,ModuleAutoHole::tabHoleChanged,ModuleAutoHole,IMPORTED,pseudocode,src/features/ModuleAutoHole_recovered.cpp
1079f8e0,474,ModuleAutoHole::tableItemChanged,ModuleAutoHole,IMPORTED,pseudocode,src/features/ModuleAutoHole_recovered.cpp
1079fac0,8,ModuleAutoHole::tableSelectionChanged,ModuleAutoHole,IMPORTED,pseudocode,src/features/ModuleAutoHole_recovered.cpp
1079fad0,8,ModuleAutoHole::tableSelectionChangedSubHole,ModuleAutoHole,IMPORTED,pseudocode,src/features/ModuleAutoHole_recovered.cpp
1079fae0,402,ModuleAutoHole::toolMagazineChanged,ModuleAutoHole,IMPORTED,pseudocode,src/features/ModuleAutoHole_recovered.cpp
1079fc80,42,ModuleAutoHole::tr,ModuleAutoHole,IMPORTED,pseudocode,src/features/ModuleAutoHole_recovered.cpp
1079ff00,4684,ModuleAutoHole::workSchemesListChanged,ModuleAutoHole,IMPORTED,pseudocode,src/features/ModuleAutoHole_recovered.cpp
10800460,247,ModuleAutoSlotFrame::EdgeMapDiameter::EdgeMapDiameter,ModuleAutoSlotFrame::EdgeMapDiameter,IMPORTED,pseudocode,src/features/ModuleAutoSlotFrame_recovered.cpp
10800560,179,ModuleAutoSlotFrame::EdgeMapDiameter::EdgeMapDiameter,ModuleAutoSlotFrame::EdgeMapDiameter,IMPORTED,pseudocode,src/features/ModuleAutoSlotFrame_recovered.cpp
10800640,22,ModuleAutoSlotFrame::GenerateWorkParamsList::GenerateWorkParamsList,ModuleAutoSlotFrame::GenerateWorkParamsList,IMPORTED,pseudocode,src/features/ModuleAutoSlotFrame_recovered.cpp
108007f0,6843,ModuleAutoSlotFrame::ModuleAutoSlotFrame,ModuleAutoSlotFrame,IMPORTED,pseudocode,src/features/ModuleAutoSlotFrame_recovered.cpp
108022e0,123,ModuleAutoSlotFrame::WorkItem::WorkItem,ModuleAutoSlotFrame::WorkItem,IMPORTED,pseudocode,src/features/ModuleAutoSlotFrame_recovered.cpp
10802360,85,ModuleAutoSlotFrame::WorkItem::WorkItem,ModuleAutoSlotFrame::WorkItem,IMPORTED,pseudocode,src/features/ModuleAutoSlotFrame_recovered.cpp
108023c0,143,ModuleAutoSlotFrame::WorkParams::WorkParams,ModuleAutoSlotFrame::WorkParams,IMPORTED,pseudocode,src/features/ModuleAutoSlotFrame_recovered.cpp
10802450,29,ModuleAutoSlotFrame::WorkParamsList::WorkParamsList,ModuleAutoSlotFrame::WorkParamsList,IMPORTED,pseudocode,src/features/ModuleAutoSlotFrame_recovered.cpp
10802470,17,ModuleAutoSlotFrame::WorkParamsList::WorkParamsList,ModuleAutoSlotFrame::WorkParamsList,IMPORTED,pseudocode,src/features/ModuleAutoSlotFrame_recovered.cpp
10802490,225,ModuleAutoSlotFrame::WorkSchemes::WorkSchemes,ModuleAutoSlotFrame::WorkSchemes,IMPORTED,pseudocode,src/features/ModuleAutoSlotFrame_recovered.cpp
10802580,61,ModuleAutoSlotFrame::WorkSchemes::WorkSchemes,ModuleAutoSlotFrame::WorkSchemes,IMPORTED,pseudocode,src/features/ModuleAutoSlotFrame_recovered.cpp
108025c0,122,ModuleAutoSlotFrame::WorkToollib::WorkToollib,ModuleAutoSlotFrame::WorkToollib,IMPORTED,pseudocode,src/features/ModuleAutoSlotFrame_recovered.cpp
10802640,36,ModuleAutoSlotFrame::WorkToollib::WorkToollib,ModuleAutoSlotFrame::WorkToollib,IMPORTED,pseudocode,src/features/ModuleAutoSlotFrame_recovered.cpp
10802670,226,ModuleAutoSlotFrame::WorkWireData::WorkWireData,ModuleAutoSlotFrame::WorkWireData,IMPORTED,pseudocode,src/features/ModuleAutoSlotFrame_recovered.cpp
10802760,151,ModuleAutoSlotFrame::WorkWireData::WorkWireData,ModuleAutoSlotFrame::WorkWireData,IMPORTED,pseudocode,src/features/ModuleAutoSlotFrame_recovered.cpp
10803800,328,ModuleAutoSlotFrame::EdgeMapDiameter::~EdgeMapDiameter,ModuleAutoSlotFrame::EdgeMapDiameter,IMPORTED,pseudocode,src/features/ModuleAutoSlotFrame_recovered.cpp
10803af0,1786,ModuleAutoSlotFrame::~ModuleAutoSlotFrame,ModuleAutoSlotFrame,IMPORTED,pseudocode,src/features/ModuleAutoSlotFrame_recovered.cpp
10804300,175,ModuleAutoSlotFrame::WorkItem::~WorkItem,ModuleAutoSlotFrame::WorkItem,IMPORTED,pseudocode,src/features/ModuleAutoSlotFrame_recovered.cpp
108043b0,39,ModuleAutoSlotFrame::WorkParamsList::~WorkParamsList,ModuleAutoSlotFrame::WorkParamsList,IMPORTED,pseudocode,src/features/ModuleAutoSlotFrame_recovered.cpp
108043e0,180,ModuleAutoSlotFrame::WorkSchemes::~WorkSchemes,ModuleAutoSlotFrame::WorkSchemes,IMPORTED,pseudocode,src/features/ModuleAutoSlotFrame_recovered.cpp
108044a0,6,ModuleAutoSlotFrame::WorkToollib::~WorkToollib,ModuleAutoSlotFrame::WorkToollib,IMPORTED,pseudocode,src/features/ModuleAutoSlotFrame_recovered.cpp
108044b0,239,ModuleAutoSlotFrame::WorkWireData::~WorkWireData,ModuleAutoSlotFrame::WorkWireData,IMPORTED,pseudocode,src/features/ModuleAutoSlotFrame_recovered.cpp
10804c40,99,ModuleAutoSlotFrame::WorkItem::operator=,ModuleAutoSlotFrame::WorkItem,IMPORTED,pseudocode,src/features/ModuleAutoSlotFrame_recovered.cpp
10804cb0,273,ModuleAutoSlotFrame::WorkParams::operator=,ModuleAutoSlotFrame::WorkParams,IMPORTED,pseudocode,src/features/ModuleAutoSlotFrame_recovered.cpp
10804dd0,90,ModuleAutoSlotFrame::WorkParamsList::operator=,ModuleAutoSlotFrame::WorkParamsList,IMPORTED,pseudocode,src/features/ModuleAutoSlotFrame_recovered.cpp
10806070,343,ModuleAutoSlotFrame::WorkParams::operator<,ModuleAutoSlotFrame::WorkParams,IMPORTED,pseudocode,src/features/ModuleAutoSlotFrame_recovered.cpp
108138fe,8,ModuleAutoSlotFrame::`vector_deleting_destructor'`adjustor{8}',ModuleAutoSlotFrame,ANALYSIS,pseudocode,src/features/ModuleAutoSlotFrame_recovered.cpp
10813dc0,30,ModuleAutoSlotFrame::EdgeMapDiameter::`scalar_deleting_destructor',ModuleAutoSlotFrame::EdgeMapDiameter,IMPORTED,pseudocode,src/features/ModuleAutoSlotFrame_recovered.cpp
10813de0,30,ModuleAutoSlotFrame::GenerateWorkParamsList::`scalar_deleting_destructor',ModuleAutoSlotFrame::GenerateWorkParamsList,IMPORTED,pseudocode,src/features/ModuleAutoSlotFrame_recovered.cpp
10813e20,30,ModuleAutoSlotFrame::`scalar_deleting_destructor',ModuleAutoSlotFrame,IMPORTED,pseudocode,src/features/ModuleAutoSlotFrame_recovered.cpp
10813e80,30,ModuleAutoSlotFrame::WorkItem::`scalar_deleting_destructor',ModuleAutoSlotFrame::WorkItem,IMPORTED,pseudocode,src/features/ModuleAutoSlotFrame_recovered.cpp
10813ea0,139,ModuleAutoSlotFrame::WorkParams::`scalar_deleting_destructor',ModuleAutoSlotFrame::WorkParams,IMPORTED,pseudocode,src/features/ModuleAutoSlotFrame_recovered.cpp
10813f30,65,ModuleAutoSlotFrame::WorkParamsList::`scalar_deleting_destructor',ModuleAutoSlotFrame::WorkParamsList,IMPORTED,pseudocode,src/features/ModuleAutoSlotFrame_recovered.cpp
10813f80,30,ModuleAutoSlotFrame::WorkSchemes::`scalar_deleting_destructor',ModuleAutoSlotFrame::WorkSchemes,IMPORTED,pseudocode,src/features/ModuleAutoSlotFrame_recovered.cpp
10813fa0,31,ModuleAutoSlotFrame::WorkToollib::`scalar_deleting_destructor',ModuleAutoSlotFrame::WorkToollib,IMPORTED,pseudocode,src/features/ModuleAutoSlotFrame_recovered.cpp
10813fc0,30,ModuleAutoSlotFrame::WorkWireData::`scalar_deleting_destructor',ModuleAutoSlotFrame::WorkWireData,IMPORTED,pseudocode,src/features/ModuleAutoSlotFrame_recovered.cpp
10815020,456,ModuleAutoSlotFrame::acceptedGenerate,ModuleAutoSlotFrame,IMPORTED,pseudocode,src/features/ModuleAutoSlotFrame_recovered.cpp
108151f0,5,ModuleAutoSlotFrame::acceptedTaskProgress,ModuleAutoSlotFrame,IMPORTED,pseudocode,src/features/ModuleAutoSlotFrame_recovered.cpp
108152b0,21064,ModuleAutoSlotFrame::analyFace,ModuleAutoSlotFrame,IMPORTED,pseudocode,src/features/ModuleAutoSlotFrame_recovered.cpp
1081a530,27358,ModuleAutoSlotFrame::analyShape,ModuleAutoSlotFrame,IMPORTED,pseudocode,src/features/ModuleAutoSlotFrame_recovered.cpp
108229f0,791,ModuleAutoSlotFrame::calFaceAngle,ModuleAutoSlotFrame,IMPORTED,pseudocode,src/features/ModuleAutoSlotFrame_recovered.cpp
10822d10,4227,ModuleAutoSlotFrame::calNonCloseComplementType,ModuleAutoSlotFrame,IMPORTED,pseudocode,src/features/ModuleAutoSlotFrame_recovered.cpp
10823da0,2543,ModuleAutoSlotFrame::calProtectedShapes,ModuleAutoSlotFrame,IMPORTED,pseudocode,src/features/ModuleAutoSlotFrame_recovered.cpp
10824790,13450,ModuleAutoSlotFrame::calSideProtectedShapes,ModuleAutoSlotFrame,IMPORTED,pseudocode,src/features/ModuleAutoSlotFrame_recovered.cpp
108284f0,2322,ModuleAutoSlotFrame::checkBottomValid,ModuleAutoSlotFrame,IMPORTED,pseudocode,src/features/ModuleAutoSlotFrame_recovered.cpp
10828e10,195,ModuleAutoSlotFrame::checkBoxContain,ModuleAutoSlotFrame,IMPORTED,pseudocode,src/features/ModuleAutoSlotFrame_recovered.cpp
10828ee0,6892,ModuleAutoSlotFrame::checkForInterShape,ModuleAutoSlotFrame,IMPORTED,pseudocode,src/features/ModuleAutoSlotFrame_recovered.cpp
1082aa70,7384,ModuleAutoSlotFrame::checkForInterference,ModuleAutoSlotFrame,IMPORTED,pseudocode,src/features/ModuleAutoSlotFrame_recovered.cpp
1082c790,355,ModuleAutoSlotFrame::checkIsClosed,ModuleAutoSlotFrame,IMPORTED,pseudocode,src/features/ModuleAutoSlotFrame_recovered.cpp
1082c900,2082,ModuleAutoSlotFrame::checkIsOnTubeOutside,ModuleAutoSlotFrame,IMPORTED,pseudocode,src/features/ModuleAutoSlotFrame_recovered.cpp
1082d3a0,365,ModuleAutoSlotFrame::clearShapeFrame,ModuleAutoSlotFrame,IMPORTED,pseudocode,src/features/ModuleAutoSlotFrame_recovered.cpp
1082d520,646,ModuleAutoSlotFrame::clearWorkParams,ModuleAutoSlotFrame,IMPORTED,pseudocode,src/features/ModuleAutoSlotFrame_recovered.cpp
1082d7b0,170,ModuleAutoSlotFrame::compareBox,ModuleAutoSlotFrame,IMPORTED,pseudocode,src/features/ModuleAutoSlotFrame_recovered.cpp
1082d860,4061,ModuleAutoSlotFrame::compareSameOuter,ModuleAutoSlotFrame,IMPORTED,pseudocode,src/features/ModuleAutoSlotFrame_recovered.cpp
1082eed0,1025,ModuleAutoSlotFrame::craftTypeChanged,ModuleAutoSlotFrame,IMPORTED,pseudocode,src/features/ModuleAutoSlotFrame_recovered.cpp
1082f360,2458,ModuleAutoSlotFrame::createClearCornerWire,ModuleAutoSlotFrame,IMPORTED,pseudocode,src/features/ModuleAutoSlotFrame_recovered.cpp
1082fd00,5605,ModuleAutoSlotFrame::createCompound,ModuleAutoSlotFrame,IMPORTED,pseudocode,src/features/ModuleAutoSlotFrame_recovered.cpp
10831810,590,ModuleAutoSlotFrame::createProtectFace,ModuleAutoSlotFrame,IMPORTED,pseudocode,src/features/ModuleAutoSlotFrame_recovered.cpp
10831a70,41249,ModuleAutoSlotFrame::createWireList,ModuleAutoSlotFrame,IMPORTED,pseudocode,src/features/ModuleAutoSlotFrame_recovered.cpp
1083bbf0,514,ModuleAutoSlotFrame::createWireList,ModuleAutoSlotFrame,IMPORTED,pseudocode,src/features/ModuleAutoSlotFrame_recovered.cpp
1083be00,1986,ModuleAutoSlotFrame::createWirePtr,ModuleAutoSlotFrame,IMPORTED,pseudocode,src/features/ModuleAutoSlotFrame_recovered.cpp
1083cb90,15562,ModuleAutoSlotFrame::createWorkWire,ModuleAutoSlotFrame,IMPORTED,pseudocode,src/features/ModuleAutoSlotFrame_recovered.cpp
10844170,1294,ModuleAutoSlotFrame::curveOnPanel,ModuleAutoSlotFrame,IMPORTED,pseudocode,src/features/ModuleAutoSlotFrame_recovered.cpp
108446b0,41,ModuleAutoSlotFrame::customContextMenuRequested,ModuleAutoSlotFrame,IMPORTED,pseudocode,src/features/ModuleAutoSlotFrame_recovered.cpp
108446e0,41,ModuleAutoSlotFrame::customContextMenuRequestedSubOp,ModuleAutoSlotFrame,IMPORTED,pseudocode,src/features/ModuleAutoSlotFrame_recovered.cpp
10844710,41,ModuleAutoSlotFrame::customContextMenuRequestedSubShape,ModuleAutoSlotFrame,IMPORTED,pseudocode,src/features/ModuleAutoSlotFrame_recovered.cpp
10847ff0,135,ModuleAutoSlotFrame::eventFilter,ModuleAutoSlotFrame,IMPORTED,pseudocode,src/features/ModuleAutoSlotFrame_recovered.cpp
10848080,571,ModuleAutoSlotFrame::excludeIndex,ModuleAutoSlotFrame,IMPORTED,pseudocode,src/features/ModuleAutoSlotFrame_recovered.cpp
108482c0,7450,ModuleAutoSlotFrame::fillGapFaces,ModuleAutoSlotFrame,IMPORTED,pseudocode,src/features/ModuleAutoSlotFrame_recovered.cpp
1084b7f0,8584,ModuleAutoSlotFrame::findConnectFace,ModuleAutoSlotFrame,IMPORTED,pseudocode,src/features/ModuleAutoSlotFrame_recovered.cpp
1084d9a0,4781,ModuleAutoSlotFrame::findConvexCompound,ModuleAutoSlotFrame,IMPORTED,pseudocode,src/features/ModuleAutoSlotFrame_recovered.cpp
1084ec70,411,ModuleAutoSlotFrame::findIndexConnectFace,ModuleAutoSlotFrame,IMPORTED,pseudocode,src/features/ModuleAutoSlotFrame_recovered.cpp
1084ee10,411,ModuleAutoSlotFrame::findIndexConnectFace,ModuleAutoSlotFrame,IMPORTED,pseudocode,src/features/ModuleAutoSlotFrame_recovered.cpp
1084f240,4663,ModuleAutoSlotFrame::findValidConnectFace,ModuleAutoSlotFrame,IMPORTED,pseudocode,src/features/ModuleAutoSlotFrame_recovered.cpp
10850490,5102,ModuleAutoSlotFrame::findValidShape,ModuleAutoSlotFrame,IMPORTED,pseudocode,src/features/ModuleAutoSlotFrame_recovered.cpp
10851970,10027,ModuleAutoSlotFrame::generatePath,ModuleAutoSlotFrame,IMPORTED,pseudocode,src/features/ModuleAutoSlotFrame_recovered.cpp
108540b0,13586,ModuleAutoSlotFrame::generateWorkList,ModuleAutoSlotFrame,IMPORTED,pseudocode,src/features/ModuleAutoSlotFrame_recovered.cpp
10857680,786,ModuleAutoSlotFrame::getSlopeFace,ModuleAutoSlotFrame,IMPORTED,pseudocode,src/features/ModuleAutoSlotFrame_recovered.cpp
1085bad0,4938,ModuleAutoSlotFrame::getWireByShape,ModuleAutoSlotFrame,IMPORTED,pseudocode,src/features/ModuleAutoSlotFrame_recovered.cpp
1085ce20,150,ModuleAutoSlotFrame::getWireZ,ModuleAutoSlotFrame,IMPORTED,pseudocode,src/features/ModuleAutoSlotFrame_recovered.cpp
1085cf20,3,ModuleAutoSlotFrame::hideEvent,ModuleAutoSlotFrame,IMPORTED,pseudocode,src/features/ModuleAutoSlotFrame_recovered.cpp
1085d340,8227,ModuleAutoSlotFrame::initalSubItemTable,ModuleAutoSlotFrame,IMPORTED,pseudocode,src/features/ModuleAutoSlotFrame_recovered.cpp
1085f370,1668,ModuleAutoSlotFrame::initalSubShapeTable,ModuleAutoSlotFrame,IMPORTED,pseudocode,src/features/ModuleAutoSlotFrame_recovered.cpp
1085fa00,10546,ModuleAutoSlotFrame::initalTable,ModuleAutoSlotFrame,IMPORTED,pseudocode,src/features/ModuleAutoSlotFrame_recovered.cpp
10862b00,9072,ModuleAutoSlotFrame::insertMapShape,ModuleAutoSlotFrame,IMPORTED,pseudocode,src/features/ModuleAutoSlotFrame_recovered.cpp
10865ea0,2358,ModuleAutoSlotFrame::isCoincident,ModuleAutoSlotFrame,IMPORTED,pseudocode,src/features/ModuleAutoSlotFrame_recovered.cpp
108667f0,2117,ModuleAutoSlotFrame::isPntOnFace,ModuleAutoSlotFrame,IMPORTED,pseudocode,src/features/ModuleAutoSlotFrame_recovered.cpp
10867040,2290,ModuleAutoSlotFrame::isWireOnWire,ModuleAutoSlotFrame,IMPORTED,pseudocode,src/features/ModuleAutoSlotFrame_recovered.cpp
10867e50,154,ModuleAutoSlotFrame::materialChanged,ModuleAutoSlotFrame,IMPORTED,pseudocode,src/features/ModuleAutoSlotFrame_recovered.cpp
10869bb0,1284,ModuleAutoSlotFrame::on_btn_Generate_clicked,ModuleAutoSlotFrame,IMPORTED,pseudocode,src/features/ModuleAutoSlotFrame_recovered.cpp
1086a0c0,514,ModuleAutoSlotFrame::on_btn_OpenExcel_clicked,ModuleAutoSlotFrame,IMPORTED,pseudocode,src/features/ModuleAutoSlotFrame_recovered.cpp
1086a2d0,8,ModuleAutoSlotFrame::on_btn_SelectFace_clicked,ModuleAutoSlotFrame,IMPORTED,pseudocode,src/features/ModuleAutoSlotFrame_recovered.cpp
1086a2e0,8,ModuleAutoSlotFrame::on_btn_SelectSolid_clicked,ModuleAutoSlotFrame,IMPORTED,pseudocode,src/features/ModuleAutoSlotFrame_recovered.cpp
1086a3d0,1528,ModuleAutoSlotFrame::processDelete,ModuleAutoSlotFrame,IMPORTED,pseudocode,src/features/ModuleAutoSlotFrame_recovered.cpp
1086a9d0,835,ModuleAutoSlotFrame::processSubOpDelete,ModuleAutoSlotFrame,IMPORTED,pseudocode,src/features/ModuleAutoSlotFrame_recovered.cpp
1086ad20,1094,ModuleAutoSlotFrame::processSubShapeDelete,ModuleAutoSlotFrame,IMPORTED,pseudocode,src/features/ModuleAutoSlotFrame_recovered.cpp
1086b170,8033,ModuleAutoSlotFrame::readExcelData,ModuleAutoSlotFrame,IMPORTED,pseudocode,src/features/ModuleAutoSlotFrame_recovered.cpp
1086d0e0,2806,ModuleAutoSlotFrame::readExcelSheet,ModuleAutoSlotFrame,IMPORTED,pseudocode,src/features/ModuleAutoSlotFrame_recovered.cpp
1086f0d0,1268,ModuleAutoSlotFrame::selectClick,ModuleAutoSlotFrame,IMPORTED,pseudocode,src/features/ModuleAutoSlotFrame_recovered.cpp
1086f5d0,8970,ModuleAutoSlotFrame::setDetectedShape,ModuleAutoSlotFrame,IMPORTED,pseudocode,src/features/ModuleAutoSlotFrame_recovered.cpp
108718f0,812,ModuleAutoSlotFrame::setSelectedShapes,ModuleAutoSlotFrame,IMPORTED,pseudocode,src/features/ModuleAutoSlotFrame_recovered.cpp
10873bc0,154,ModuleAutoSlotFrame::shapeSelect,ModuleAutoSlotFrame,IMPORTED,pseudocode,src/features/ModuleAutoSlotFrame_recovered.cpp
10873c60,1410,ModuleAutoSlotFrame::showFrameShape,ModuleAutoSlotFrame,IMPORTED,pseudocode,src/features/ModuleAutoSlotFrame_recovered.cpp
10874760,115,ModuleAutoSlotFrame::tabFrameChanged,ModuleAutoSlotFrame,IMPORTED,pseudocode,src/features/ModuleAutoSlotFrame_recovered.cpp
108747e0,310,ModuleAutoSlotFrame::tableItemChanged,ModuleAutoSlotFrame,IMPORTED,pseudocode,src/features/ModuleAutoSlotFrame_recovered.cpp
10874920,445,ModuleAutoSlotFrame::tableItemChangedSubItems,ModuleAutoSlotFrame,IMPORTED,pseudocode,src/features/ModuleAutoSlotFrame_recovered.cpp
10874ae0,8,ModuleAutoSlotFrame::tableSelectionChanged,ModuleAutoSlotFrame,IMPORTED,pseudocode,src/features/ModuleAutoSlotFrame_recovered.cpp
10874af0,8,ModuleAutoSlotFrame::tableSelectionChangedSubShape,ModuleAutoSlotFrame,IMPORTED,pseudocode,src/features/ModuleAutoSlotFrame_recovered.cpp
10874b00,402,ModuleAutoSlotFrame::toolMagazineChanged,ModuleAutoSlotFrame,IMPORTED,pseudocode,src/features/ModuleAutoSlotFrame_recovered.cpp
10874ca0,42,ModuleAutoSlotFrame::tr,ModuleAutoSlotFrame,IMPORTED,pseudocode,src/features/ModuleAutoSlotFrame_recovered.cpp
10874fb0,5624,ModuleAutoSlotFrame::workSchemesListChanged,ModuleAutoSlotFrame,IMPORTED,pseudocode,src/features/ModuleAutoSlotFrame_recovered.cpp
108765b0,26,G682Transform::CoordVec::CoordVec,G682Transform::CoordVec,IMPORTED,pseudocode,src/geometry/G682Transform_recovered.cpp
108765d0,3,G682Transform::G682Transform,G682Transform,IMPORTED,pseudocode,src/geometry/G682Transform_recovered.cpp
10876620,404,G682Transform::getCoordVec,G682Transform,IMPORTED,pseudocode,src/geometry/G682Transform_recovered.cpp
108767c0,933,G682Transform::getCoordVecBaseZ,G682Transform,IMPORTED,pseudocode,src/geometry/G682Transform_recovered.cpp
10876b80,1030,G682Transform::getG682Plane2WCSShape,G682Transform,IMPORTED,pseudocode,src/geometry/G682Transform_recovered.cpp
10876f90,1324,G682Transform::getInverseMatri,G682Transform,IMPORTED,pseudocode,src/geometry/G682Transform_recovered.cpp
108774e0,321,G682Transform::getMatri1xMatri2,G682Transform,IMPORTED,pseudocode,src/geometry/G682Transform_recovered.cpp
10877630,498,G682Transform::getMatriPnt,G682Transform,IMPORTED,pseudocode,src/geometry/G682Transform_recovered.cpp
10877830,495,G682Transform::getMatriPoint,G682Transform,IMPORTED,pseudocode,src/geometry/G682Transform_recovered.cpp
10877a20,498,G682Transform::getRotateMatrix4,G682Transform,IMPORTED,pseudocode,src/geometry/G682Transform_recovered.cpp
10877c20,1274,G682Transform::getWCS2G682PlaneShape,G682Transform,IMPORTED,pseudocode,src/geometry/G682Transform_recovered.cpp
10878120,1290,G682Transform::getZXZEulerAngles,G682Transform,IMPORTED,pseudocode,src/geometry/G682Transform_recovered.cpp
10878630,371,G682Transform::getZXZEulerAngles_BaseIJK,G682Transform,IMPORTED,pseudocode,src/geometry/G682Transform_recovered.cpp
108787c0,2854,G682Transform::getZXZEulerAngles_BaseRotateAngle,G682Transform,IMPORTED,pseudocode,src/geometry/G682Transform_recovered.cpp
10879310,450,G682Transform::getZXZMatriBaseEuler,G682Transform,IMPORTED,pseudocode,src/geometry/G682Transform_recovered.cpp
108794e0,487,G682Transform::getZXZMatriBaseEuler_1,G682Transform,IMPORTED,pseudocode,src/geometry/G682Transform_recovered.cpp
108796d0,6779,G682Transform::getZXZRotateAngles,G682Transform,IMPORTED,pseudocode,src/geometry/G682Transform_recovered.cpp
1087b170,3067,G682Transform::isAngleMatch,G682Transform,IMPORTED,pseudocode,src/geometry/G682Transform_recovered.cpp
1087bd90,215,G682Transform::swapRows,G682Transform,IMPORTED,pseudocode,src/geometry/G682Transform_recovered.cpp
1087cdb0,60,ModuleIntelligentChamfering::ChamferingParams::ChamferingParams,ModuleIntelligentChamfering::ChamferingParams,IMPORTED,pseudocode,src/features/ModuleIntelligentChamfering_recovered.cpp
1087cdf0,1248,ModuleIntelligentChamfering::ModuleIntelligentChamfering,ModuleIntelligentChamfering,IMPORTED,pseudocode,src/features/ModuleIntelligentChamfering_recovered.cpp
1087d2d0,198,ModuleIntelligentChamfering::ValidChamferShape::ValidChamferShape,ModuleIntelligentChamfering::ValidChamferShape,IMPORTED,pseudocode,src/features/ModuleIntelligentChamfering_recovered.cpp
1087d3a0,150,ModuleIntelligentChamfering::ValidChamferShape::ValidChamferShape,ModuleIntelligentChamfering::ValidChamferShape,IMPORTED,pseudocode,src/features/ModuleIntelligentChamfering_recovered.cpp
1087d680,1109,ModuleIntelligentChamfering::~ModuleIntelligentChamfering,ModuleIntelligentChamfering,IMPORTED,pseudocode,src/features/ModuleIntelligentChamfering_recovered.cpp
1087dae0,242,ModuleIntelligentChamfering::ValidChamferShape::~ValidChamferShape,ModuleIntelligentChamfering::ValidChamferShape,IMPORTED,pseudocode,src/features/ModuleIntelligentChamfering_recovered.cpp
1087dca0,101,ModuleIntelligentChamfering::ValidChamferShape::operator==,ModuleIntelligentChamfering::ValidChamferShape,IMPORTED,pseudocode,src/features/ModuleIntelligentChamfering_recovered.cpp
10885716,8,ModuleIntelligentChamfering::`vector_deleting_destructor'`adjustor{8}',ModuleIntelligentChamfering,ANALYSIS,pseudocode,src/features/ModuleIntelligentChamfering_recovered.cpp
10885810,30,ModuleIntelligentChamfering::`scalar_deleting_destructor',ModuleIntelligentChamfering,IMPORTED,pseudocode,src/features/ModuleIntelligentChamfering_recovered.cpp
10885850,30,ModuleIntelligentChamfering::ValidChamferShape::`scalar_deleting_destructor',ModuleIntelligentChamfering::ValidChamferShape,IMPORTED,pseudocode,src/features/ModuleIntelligentChamfering_recovered.cpp
10886260,1476,ModuleIntelligentChamfering::addWorkWay,ModuleIntelligentChamfering,IMPORTED,pseudocode,src/features/ModuleIntelligentChamfering_recovered.cpp
108868c0,10216,ModuleIntelligentChamfering::analysisFace,ModuleIntelligentChamfering,IMPORTED,pseudocode,src/features/ModuleIntelligentChamfering_recovered.cpp
10889450,1118,ModuleIntelligentChamfering::calFaceAngle,ModuleIntelligentChamfering,IMPORTED,pseudocode,src/features/ModuleIntelligentChamfering_recovered.cpp
108898c0,18,ModuleIntelligentChamfering::chamferSelectTypeChanged,ModuleIntelligentChamfering,IMPORTED,pseudocode,src/features/ModuleIntelligentChamfering_recovered.cpp
108898e0,18,ModuleIntelligentChamfering::chamferingTypeChanged,ModuleIntelligentChamfering,IMPORTED,pseudocode,src/features/ModuleIntelligentChamfering_recovered.cpp
10889900,13,ModuleIntelligentChamfering::chamferingTypeSetChanged,ModuleIntelligentChamfering,IMPORTED,pseudocode,src/features/ModuleIntelligentChamfering_recovered.cpp
10889910,5870,ModuleIntelligentChamfering::checkForInterShape,ModuleIntelligentChamfering,IMPORTED,pseudocode,src/features/ModuleIntelligentChamfering_recovered.cpp
1088b090,2645,ModuleIntelligentChamfering::checkForInterference,ModuleIntelligentChamfering,IMPORTED,pseudocode,src/features/ModuleIntelligentChamfering_recovered.cpp
1088baf0,1459,ModuleIntelligentChamfering::checkIsOnTubeOutside,ModuleIntelligentChamfering,IMPORTED,pseudocode,src/features/ModuleIntelligentChamfering_recovered.cpp
1088c110,334,ModuleIntelligentChamfering::clearAllSelected,ModuleIntelligentChamfering,IMPORTED,pseudocode,src/features/ModuleIntelligentChamfering_recovered.cpp
1088c260,239,ModuleIntelligentChamfering::clearData,ModuleIntelligentChamfering,IMPORTED,pseudocode,src/features/ModuleIntelligentChamfering_recovered.cpp
1088c3f0,241,ModuleIntelligentChamfering::createDoubleSpinBox,ModuleIntelligentChamfering,IMPORTED,pseudocode,src/features/ModuleIntelligentChamfering_recovered.cpp
1088c4f0,2968,ModuleIntelligentChamfering::createShapePtr,ModuleIntelligentChamfering,IMPORTED,pseudocode,src/features/ModuleIntelligentChamfering_recovered.cpp
1088d160,353,ModuleIntelligentChamfering::delWorkWay,ModuleIntelligentChamfering,IMPORTED,pseudocode,src/features/ModuleIntelligentChamfering_recovered.cpp
1088d2d0,22,ModuleIntelligentChamfering::depthLimitChanged,ModuleIntelligentChamfering,IMPORTED,pseudocode,src/features/ModuleIntelligentChamfering_recovered.cpp
1088da60,22,ModuleIntelligentChamfering::diameterLimitChanged,ModuleIntelligentChamfering,IMPORTED,pseudocode,src/features/ModuleIntelligentChamfering_recovered.cpp
1088da80,4008,ModuleIntelligentChamfering::displayPath,ModuleIntelligentChamfering,IMPORTED,pseudocode,src/features/ModuleIntelligentChamfering_recovered.cpp
1088f510,65,ModuleIntelligentChamfering::eventFilter,ModuleIntelligentChamfering,IMPORTED,pseudocode,src/features/ModuleIntelligentChamfering_recovered.cpp
1088f560,409,ModuleIntelligentChamfering::findIndexConnectFace,ModuleIntelligentChamfering,IMPORTED,pseudocode,src/features/ModuleIntelligentChamfering_recovered.cpp
1088f700,7645,ModuleIntelligentChamfering::foundSlopeFace,ModuleIntelligentChamfering,IMPORTED,pseudocode,src/features/ModuleIntelligentChamfering_recovered.cpp
10891640,13251,ModuleIntelligentChamfering::initPage,ModuleIntelligentChamfering,IMPORTED,pseudocode,src/features/ModuleIntelligentChamfering_recovered.cpp
10894a10,708,ModuleIntelligentChamfering::isPntOnFace,ModuleIntelligentChamfering,IMPORTED,pseudocode,src/features/ModuleIntelligentChamfering_recovered.cpp
10894ce0,22,ModuleIntelligentChamfering::lengthLimitChanged,ModuleIntelligentChamfering,IMPORTED,pseudocode,src/features/ModuleIntelligentChamfering_recovered.cpp
10894d00,22,ModuleIntelligentChamfering::maxChamferWidthChanged,ModuleIntelligentChamfering,IMPORTED,pseudocode,src/features/ModuleIntelligentChamfering_recovered.cpp
108952e0,8,ModuleIntelligentChamfering::on_btn_Cancel_clicked,ModuleIntelligentChamfering,IMPORTED,pseudocode,src/features/ModuleIntelligentChamfering_recovered.cpp
108952f0,1101,ModuleIntelligentChamfering::on_btn_Confirm_clicked,ModuleIntelligentChamfering,IMPORTED,pseudocode,src/features/ModuleIntelligentChamfering_recovered.cpp
108958d0,1531,ModuleIntelligentChamfering::saveWay,ModuleIntelligentChamfering,IMPORTED,pseudocode,src/features/ModuleIntelligentChamfering_recovered.cpp
10895ed0,511,ModuleIntelligentChamfering::saveWorkWay,ModuleIntelligentChamfering,IMPORTED,pseudocode,src/features/ModuleIntelligentChamfering_recovered.cpp
108960d0,446,ModuleIntelligentChamfering::setDetectedShape,ModuleIntelligentChamfering,IMPORTED,pseudocode,src/features/ModuleIntelligentChamfering_recovered.cpp
10896690,172,ModuleIntelligentChamfering::shapeSelect,ModuleIntelligentChamfering,IMPORTED,pseudocode,src/features/ModuleIntelligentChamfering_recovered.cpp
10896750,1817,ModuleIntelligentChamfering::showCoord,ModuleIntelligentChamfering,IMPORTED,pseudocode,src/features/ModuleIntelligentChamfering_recovered.cpp
10896e80,59,ModuleIntelligentChamfering::slotAccepted,ModuleIntelligentChamfering,IMPORTED,pseudocode,src/features/ModuleIntelligentChamfering_recovered.cpp
10896ec0,608,ModuleIntelligentChamfering::slotCoordSelectedChanged,ModuleIntelligentChamfering,IMPORTED,pseudocode,src/features/ModuleIntelligentChamfering_recovered.cpp
10897120,505,ModuleIntelligentChamfering::slotKnifeNoChanged,ModuleIntelligentChamfering,IMPORTED,pseudocode,src/features/ModuleIntelligentChamfering_recovered.cpp
10897320,15,ModuleIntelligentChamfering::slotUpdatePath,ModuleIntelligentChamfering,IMPORTED,pseudocode,src/features/ModuleIntelligentChamfering_recovered.cpp
108973c0,42,ModuleIntelligentChamfering::tr,ModuleIntelligentChamfering,IMPORTED,pseudocode,src/features/ModuleIntelligentChamfering_recovered.cpp
108973f0,564,ModuleIntelligentChamfering::updateParams,ModuleIntelligentChamfering,IMPORTED,pseudocode,src/features/ModuleIntelligentChamfering_recovered.cpp
10897630,1611,ModuleIntelligentChamfering::workWayChanged,ModuleIntelligentChamfering,IMPORTED,pseudocode,src/features/ModuleIntelligentChamfering_recovered.cpp
10897c80,127,ContactPointSolver::ContactPointSolver,ContactPointSolver,IMPORTED,pseudocode,src/geometry/ContactPointSolver_recovered.cpp
10897d20,111,ContactPointSolver::~ContactPointSolver,ContactPointSolver,IMPORTED,pseudocode,src/geometry/ContactPointSolver_recovered.cpp
10897f60,131,ContactPointSolver::`scalar_deleting_destructor',ContactPointSolver,IMPORTED,pseudocode,src/geometry/ContactPointSolver_recovered.cpp
10898020,1700,ContactPointSolver::Derivatives,ContactPointSolver,IMPORTED,pseudocode,src/geometry/ContactPointSolver_recovered.cpp
108986d0,6,ContactPointSolver::NbEquations,ContactPointSolver,IMPORTED,pseudocode,src/geometry/ContactPointSolver_recovered.cpp
108986e0,6,ContactPointSolver::NbVariables,ContactPointSolver,IMPORTED,pseudocode,src/geometry/ContactPointSolver_recovered.cpp
108986f0,862,ContactPointSolver::Value,ContactPointSolver,IMPORTED,pseudocode,src/geometry/ContactPointSolver_recovered.cpp
10898af0,52,ContactPointSolver::Values,ContactPointSolver,IMPORTED,pseudocode,src/geometry/ContactPointSolver_recovered.cpp
108ee8d0,21,GeometryOcct::metaObject,GeometryOcct,IMPORTED,pseudocode,src/geometry/GeometryOcct_recovered.cpp
108eea20,91,GeometryOcct::qt_metacall,GeometryOcct,IMPORTED,pseudocode,src/geometry/GeometryOcct_recovered.cpp
108eeb50,94,GeometryOcct::qt_metacast,GeometryOcct,IMPORTED,pseudocode,src/geometry/GeometryOcct_recovered.cpp
108eed00,65,GeometryOcct::qt_static_metacall,GeometryOcct,IMPORTED,pseudocode,src/geometry/GeometryOcct_recovered.cpp
108eed80,20,GeometryOcct::wire3DChanged,GeometryOcct,IMPORTED,pseudocode,src/geometry/GeometryOcct_recovered.cpp
108f4660,21,DialogSort::metaObject,DialogSort,IMPORTED,pseudocode,src/features/DialogSort_recovered.cpp
108f4680,95,DialogSort::qt_metacall,DialogSort,IMPORTED,pseudocode,src/features/DialogSort_recovered.cpp
108f46e0,94,DialogSort::qt_metacast,DialogSort,IMPORTED,pseudocode,src/features/DialogSort_recovered.cpp
108f4740,61,DialogSort::qt_static_metacall,DialogSort,IMPORTED,pseudocode,src/features/DialogSort_recovered.cpp
108f4ad0,21,ModuleAutoHole::metaObject,ModuleAutoHole,IMPORTED,pseudocode,src/features/ModuleAutoHole_recovered.cpp
108f4af0,95,ModuleAutoHole::qt_metacall,ModuleAutoHole,IMPORTED,pseudocode,src/features/ModuleAutoHole_recovered.cpp
108f4b50,94,ModuleAutoHole::qt_metacast,ModuleAutoHole,IMPORTED,pseudocode,src/features/ModuleAutoHole_recovered.cpp
108f4bb0,416,ModuleAutoHole::qt_static_metacall,ModuleAutoHole,IMPORTED,pseudocode,src/features/ModuleAutoHole_recovered.cpp
108f4da0,106,ModuleAutoHole::sigGenerateWorkParams,ModuleAutoHole,IMPORTED,pseudocode,src/features/ModuleAutoHole_recovered.cpp
108f5870,21,ModuleAutoSlotFrame::metaObject,ModuleAutoSlotFrame,IMPORTED,pseudocode,src/features/ModuleAutoSlotFrame_recovered.cpp
108f5890,80,ModuleAutoSlotFrame::qt_metacall,ModuleAutoSlotFrame,IMPORTED,pseudocode,src/features/ModuleAutoSlotFrame_recovered.cpp
108f58e0,94,ModuleAutoSlotFrame::qt_metacast,ModuleAutoSlotFrame,IMPORTED,pseudocode,src/features/ModuleAutoSlotFrame_recovered.cpp
108f5a40,515,ModuleAutoSlotFrame::qt_static_metacall,ModuleAutoSlotFrame,IMPORTED,pseudocode,src/features/ModuleAutoSlotFrame_recovered.cpp
108f5d00,43,ModuleAutoSlotFrame::sigGenerateWorkParams,ModuleAutoSlotFrame,IMPORTED,pseudocode,src/features/ModuleAutoSlotFrame_recovered.cpp
108f5d40,21,ModuleIntelligentChamfering::metaObject,ModuleIntelligentChamfering,IMPORTED,pseudocode,src/features/ModuleIntelligentChamfering_recovered.cpp
108f5d60,80,ModuleIntelligentChamfering::qt_metacall,ModuleIntelligentChamfering,IMPORTED,pseudocode,src/features/ModuleIntelligentChamfering_recovered.cpp
108f5db0,94,ModuleIntelligentChamfering::qt_metacast,ModuleIntelligentChamfering,IMPORTED,pseudocode,src/features/ModuleIntelligentChamfering_recovered.cpp
108f5e10,540,ModuleIntelligentChamfering::qt_static_metacall,ModuleIntelligentChamfering,IMPORTED,pseudocode,src/features/ModuleIntelligentChamfering_recovered.cpp
108f6080,154,ModuleIntelligentChamfering::signalIntelliChamferPath,ModuleIntelligentChamfering,IMPORTED,pseudocode,src/features/ModuleIntelligentChamfering_recovered.cpp
108f6120,42,ModuleIntelligentChamfering::signalUpdatePath,ModuleIntelligentChamfering,IMPORTED,pseudocode,src/features/ModuleIntelligentChamfering_recovered.cpp
108f7cae,6,MdgOcct::OcctPnt::~OcctPnt,MdgOcct::OcctPnt,IMPORTED,pseudocode,src/geometry/MdgOcct_recovered.cpp
108f7cb4,6,MdgOcct::DeepHoleDrillParams::DeepHoleDrillParams,MdgOcct::DeepHoleDrillParams,IMPORTED,pseudocode,src/geometry/MdgOcct_recovered.cpp
108f7e22,6,MdgOcctTube::MdgOcctTube,MdgOcctTube,IMPORTED,pseudocode,src/geometry/MdgOcctTube_recovered.cpp
108f7e28,6,MdgOcctTube::~MdgOcctTube,MdgOcctTube,IMPORTED,pseudocode,src/geometry/MdgOcctTube_recovered.cpp
108f7e2e,6,MdgOcctTube::OcctShapeWire::OcctShapeWire,MdgOcctTube::OcctShapeWire,IMPORTED,pseudocode,src/geometry/MdgOcctTube_recovered.cpp
108f7e34,6,MdgOcctTube::OcctShapeWire::~OcctShapeWire,MdgOcctTube::OcctShapeWire,IMPORTED,pseudocode,src/geometry/MdgOcctTube_recovered.cpp
108f7e3a,6,MdgOcctTube::OcctShapeWire::OcctShapeWire,MdgOcctTube::OcctShapeWire,IMPORTED,pseudocode,src/geometry/MdgOcctTube_recovered.cpp
108f7e40,6,MdgOcctTube::setSN,MdgOcctTube,IMPORTED,pseudocode,src/geometry/MdgOcctTube_recovered.cpp
108f7e46,6,MdgOcctTube::setuuid,MdgOcctTube,IMPORTED,pseudocode,src/geometry/MdgOcctTube_recovered.cpp
108f7e4c,6,MdgOcctTube::setColor,MdgOcctTube,IMPORTED,pseudocode,src/geometry/MdgOcctTube_recovered.cpp
108f7e52,6,MdgOcctTube::setIsBlankWire,MdgOcctTube,IMPORTED,pseudocode,src/geometry/MdgOcctTube_recovered.cpp
108f7e58,6,MdgOcctTube::setTubeShapeStr,MdgOcctTube,IMPORTED,pseudocode,src/geometry/MdgOcctTube_recovered.cpp
108f7e5e,6,MdgOcctTube::setBlockName,MdgOcctTube,IMPORTED,pseudocode,src/geometry/MdgOcctTube_recovered.cpp
108f7e64,6,MdgOcctTube::setDxfLinetype,MdgOcctTube,IMPORTED,pseudocode,src/geometry/MdgOcctTube_recovered.cpp
108f7e6a,6,MdgOcctTube::setIs3D,MdgOcctTube,IMPORTED,pseudocode,src/geometry/MdgOcctTube_recovered.cpp
108f7e70,6,MdgOcctTube::setOriWire2,MdgOcctTube,IMPORTED,pseudocode,src/geometry/MdgOcctTube_recovered.cpp
108f7eb2,6,MdgOcctTube::getBaseClassName,MdgOcctTube,IMPORTED,pseudocode,src/geometry/MdgOcctTube_recovered.cpp
108f7ed0,6,MdgOcctTube::getClassName,MdgOcctTube,IMPORTED,pseudocode,src/geometry/MdgOcctTube_recovered.cpp
108f7f12,6,MdgOcctTube::load,MdgOcctTube,IMPORTED,pseudocode,src/geometry/MdgOcctTube_recovered.cpp
108f7f3c,6,MdgOcctTube::save,MdgOcctTube,IMPORTED,pseudocode,src/geometry/MdgOcctTube_recovered.cpp
108f7f72,6,MdgOcctTube::OcctBlankParams::OcctBlankParams,MdgOcctTube::OcctBlankParams,IMPORTED,pseudocode,src/geometry/MdgOcctTube_recovered.cpp
108f7f78,6,MdgOcctTube::ClampsToolParams::ClampsToolParams,MdgOcctTube::ClampsToolParams,IMPORTED,pseudocode,src/geometry/MdgOcctTube_recovered.cpp
108f7f7e,6,MdgOcctTube::OcctCoordTube::OcctCoordTube,MdgOcctTube::OcctCoordTube,IMPORTED,pseudocode,src/geometry/MdgOcctTube_recovered.cpp
108f7f84,6,MdgOcctTube::OcctCoordTube::~OcctCoordTube,MdgOcctTube::OcctCoordTube,IMPORTED,pseudocode,src/geometry/MdgOcctTube_recovered.cpp
108f7f8a,6,MdgOcctTube::OcctCoordTube::OcctCoordTube,MdgOcctTube::OcctCoordTube,IMPORTED,pseudocode,src/geometry/MdgOcctTube_recovered.cpp
108f7f90,6,MdgOcctTube::OcctLayerData::OcctLayerData,MdgOcctTube::OcctLayerData,IMPORTED,pseudocode,src/geometry/MdgOcctTube_recovered.cpp
108f7f96,6,MdgOcctTube::OcctLayerData::~OcctLayerData,MdgOcctTube::OcctLayerData,IMPORTED,pseudocode,src/geometry/MdgOcctTube_recovered.cpp
108f7f9c,6,MdgOcctTube::OcctLayerData::OcctLayerData,MdgOcctTube::OcctLayerData,IMPORTED,pseudocode,src/geometry/MdgOcctTube_recovered.cpp
108f7fa2,6,MdgOcctTube::getSN,MdgOcctTube,IMPORTED,pseudocode,src/geometry/MdgOcctTube_recovered.cpp
108f7fa8,6,MdgOcctTube::getuuid,MdgOcctTube,IMPORTED,pseudocode,src/geometry/MdgOcctTube_recovered.cpp
108f7fae,6,MdgOcctTube::getColor,MdgOcctTube,IMPORTED,pseudocode,src/geometry/MdgOcctTube_recovered.cpp
108f7fb4,6,MdgOcctTube::setOriginal,MdgOcctTube,IMPORTED,pseudocode,src/geometry/MdgOcctTube_recovered.cpp
108f7fba,6,MdgOcctTube::getOriginal,MdgOcctTube,IMPORTED,pseudocode,src/geometry/MdgOcctTube_recovered.cpp
108f7fc0,6,MdgOcctTube::getIsBlankWire,MdgOcctTube,IMPORTED,pseudocode,src/geometry/MdgOcctTube_recovered.cpp
108f7fc6,6,MdgOcctTube::getTubeShapeStr,MdgOcctTube,IMPORTED,pseudocode,src/geometry/MdgOcctTube_recovered.cpp
108f7fcc,6,MdgOcctTube::getWire3D,MdgOcctTube,IMPORTED,pseudocode,src/geometry/MdgOcctTube_recovered.cpp
108f7fd2,6,MdgOcctTube::getBlockName,MdgOcctTube,IMPORTED,pseudocode,src/geometry/MdgOcctTube_recovered.cpp
108f7fd8,6,MdgOcctTube::getDxfLinetype,MdgOcctTube,IMPORTED,pseudocode,src/geometry/MdgOcctTube_recovered.cpp
108f7fde,6,MdgOcctTube::setTubeColor,MdgOcctTube,IMPORTED,pseudocode,src/geometry/MdgOcctTube_recovered.cpp
108f7fe4,6,MdgOcctTube::getTubeColor,MdgOcctTube,IMPORTED,pseudocode,src/geometry/MdgOcctTube_recovered.cpp
108f7fea,6,MdgOcctTube::setActiveLayerId,MdgOcctTube,IMPORTED,pseudocode,src/geometry/MdgOcctTube_recovered.cpp
108f7ff0,6,MdgOcctTube::getActiveLayerId,MdgOcctTube,IMPORTED,pseudocode,src/geometry/MdgOcctTube_recovered.cpp
108f7ff6,6,MdgOcctTube::setenableCoordArray,MdgOcctTube,IMPORTED,pseudocode,src/geometry/MdgOcctTube_recovered.cpp
108f7ffe,6,MdgOcctTube::getenableCoordArray,MdgOcctTube,IMPORTED,pseudocode,src/geometry/MdgOcctTube_recovered.cpp
108f8004,6,MdgOcctTube::setcoordArrayIds,MdgOcctTube,IMPORTED,pseudocode,src/geometry/MdgOcctTube_recovered.cpp
108f800a,6,MdgOcctTube::getcoordArrayIds,MdgOcctTube,IMPORTED,pseudocode,src/geometry/MdgOcctTube_recovered.cpp
108f8010,6,MdgOcctTube::setColorPoints,MdgOcctTube,IMPORTED,pseudocode,src/geometry/MdgOcctTube_recovered.cpp
108f8016,6,MdgOcctTube::getColorPoints,MdgOcctTube,IMPORTED,pseudocode,src/geometry/MdgOcctTube_recovered.cpp
108f801c,6,MdgOcctTube::setColorIndexs,MdgOcctTube,IMPORTED,pseudocode,src/geometry/MdgOcctTube_recovered.cpp
108f8022,6,MdgOcctTube::getColorIndexs,MdgOcctTube,IMPORTED,pseudocode,src/geometry/MdgOcctTube_recovered.cpp
108f8028,6,MdgOcctTube::getIs3D,MdgOcctTube,IMPORTED,pseudocode,src/geometry/MdgOcctTube_recovered.cpp
108f802e,6,MdgOcctTube::setBlankParams,MdgOcctTube,IMPORTED,pseudocode,src/geometry/MdgOcctTube_recovered.cpp
108f8034,6,MdgOcctTube::getBlankParams,MdgOcctTube,IMPORTED,pseudocode,src/geometry/MdgOcctTube_recovered.cpp
108f803a,6,MdgOcctTube::setMaterialName,MdgOcctTube,IMPORTED,pseudocode,src/geometry/MdgOcctTube_recovered.cpp
108f8040,6,MdgOcctTube::getMaterialName,MdgOcctTube,IMPORTED,pseudocode,src/geometry/MdgOcctTube_recovered.cpp
108f8046,6,MdgOcctTube::setClampsToolParams,MdgOcctTube,IMPORTED,pseudocode,src/geometry/MdgOcctTube_recovered.cpp
108f804c,6,MdgOcctTube::getClampsToolParams,MdgOcctTube,IMPORTED,pseudocode,src/geometry/MdgOcctTube_recovered.cpp
108f8052,6,MdgOcctTube::setOcctCoordTube,MdgOcctTube,IMPORTED,pseudocode,src/geometry/MdgOcctTube_recovered.cpp
108f8058,6,MdgOcctTube::getOcctCoordTube,MdgOcctTube,IMPORTED,pseudocode,src/geometry/MdgOcctTube_recovered.cpp
108f805e,6,MdgOcctTube::getOriWire2,MdgOcctTube,IMPORTED,pseudocode,src/geometry/MdgOcctTube_recovered.cpp
108f8064,6,MdgOcctTube::setOcctLayerData,MdgOcctTube,IMPORTED,pseudocode,src/geometry/MdgOcctTube_recovered.cpp
108f806a,6,MdgOcctTube::getOcctLayerData,MdgOcctTube,IMPORTED,pseudocode,src/geometry/MdgOcctTube_recovered.cpp
108f8070,6,MdgOcct::MdgOcct,MdgOcct,IMPORTED,pseudocode,src/geometry/MdgOcct_recovered.cpp
108f8076,6,MdgOcct::~MdgOcct,MdgOcct,IMPORTED,pseudocode,src/geometry/MdgOcct_recovered.cpp
108f807c,6,MdgOcct::OcctPnt::OcctPnt,MdgOcct::OcctPnt,IMPORTED,pseudocode,src/geometry/MdgOcct_recovered.cpp
108f8082,6,MdgOcct::OcctPnt::OcctPnt,MdgOcct::OcctPnt,IMPORTED,pseudocode,src/geometry/MdgOcct_recovered.cpp
108f8088,6,MdgOcct::OcctShape::~OcctShape,MdgOcct::OcctShape,IMPORTED,pseudocode,src/geometry/MdgOcct_recovered.cpp
108f808e,6,MdgOcct::OcctShape::OcctShape,MdgOcct::OcctShape,IMPORTED,pseudocode,src/geometry/MdgOcct_recovered.cpp
108f8094,6,MdgOcct::OcctShape::operator=,MdgOcct::OcctShape,IMPORTED,pseudocode,src/geometry/MdgOcct_recovered.cpp
108f809a,6,MdgOcct::ClampsToolParams::ClampsToolParams,MdgOcct::ClampsToolParams,IMPORTED,pseudocode,src/geometry/MdgOcct_recovered.cpp
108f80a0,6,MdgOcct::OcctShape3DData::OcctShape3DData,MdgOcct::OcctShape3DData,IMPORTED,pseudocode,src/geometry/MdgOcct_recovered.cpp
108f80a6,6,MdgOcct::OcctShape3DData::~OcctShape3DData,MdgOcct::OcctShape3DData,IMPORTED,pseudocode,src/geometry/MdgOcct_recovered.cpp
108f80ac,6,MdgOcct::OcctShape3DData::OcctShape3DData,MdgOcct::OcctShape3DData,IMPORTED,pseudocode,src/geometry/MdgOcct_recovered.cpp
108f80b2,6,MdgOcct::OcctCoord::OcctCoord,MdgOcct::OcctCoord,IMPORTED,pseudocode,src/geometry/MdgOcct_recovered.cpp
108f80b8,6,MdgOcct::CornerLineModuleParams::CornerLineModuleParams,MdgOcct::CornerLineModuleParams,IMPORTED,pseudocode,src/geometry/MdgOcct_recovered.cpp
108f80be,6,MdgOcct::PathTransferParams::PathTransferParams,MdgOcct::PathTransferParams,IMPORTED,pseudocode,src/geometry/MdgOcct_recovered.cpp
108f80c4,6,MdgOcct::PathTransferParams::~PathTransferParams,MdgOcct::PathTransferParams,IMPORTED,pseudocode,src/geometry/MdgOcct_recovered.cpp
108f80ca,6,MdgOcct::PathTransferParams::PathTransferParams,MdgOcct::PathTransferParams,IMPORTED,pseudocode,src/geometry/MdgOcct_recovered.cpp
108f80d0,6,MdgOcct::setSN,MdgOcct,IMPORTED,pseudocode,src/geometry/MdgOcct_recovered.cpp
108f80d6,6,MdgOcct::getSN,MdgOcct,IMPORTED,pseudocode,src/geometry/MdgOcct_recovered.cpp
108f80dc,6,MdgOcct::getuuid,MdgOcct,IMPORTED,pseudocode,src/geometry/MdgOcct_recovered.cpp
108f80e2,6,MdgOcct::setIsWorkPath,MdgOcct,IMPORTED,pseudocode,src/geometry/MdgOcct_recovered.cpp
108f80e8,6,MdgOcct::getIsWorkPath,MdgOcct,IMPORTED,pseudocode,src/geometry/MdgOcct_recovered.cpp
108f80ee,6,MdgOcct::getIsBlankWire,MdgOcct,IMPORTED,pseudocode,src/geometry/MdgOcct_recovered.cpp
108f80f4,6,MdgOcct::setIsAutoSetter,MdgOcct,IMPORTED,pseudocode,src/geometry/MdgOcct_recovered.cpp
108f80fa,6,MdgOcct::getIsAutoSetter,MdgOcct,IMPORTED,pseudocode,src/geometry/MdgOcct_recovered.cpp
108f8100,6,MdgOcct::setIsFeatures,MdgOcct,IMPORTED,pseudocode,src/geometry/MdgOcct_recovered.cpp
108f8106,6,MdgOcct::getIsFeatures,MdgOcct,IMPORTED,pseudocode,src/geometry/MdgOcct_recovered.cpp
108f810c,6,MdgOcct::setIs3D,MdgOcct,IMPORTED,pseudocode,src/geometry/MdgOcct_recovered.cpp
108f8112,6,MdgOcct::getIs3D,MdgOcct,IMPORTED,pseudocode,src/geometry/MdgOcct_recovered.cpp
108f8118,6,MdgOcct::getTubeShapeStr,MdgOcct,IMPORTED,pseudocode,src/geometry/MdgOcct_recovered.cpp
108f811e,6,MdgOcct::getAuxiliaryLine,MdgOcct,IMPORTED,pseudocode,src/geometry/MdgOcct_recovered.cpp
108f8124,6,MdgOcct::getTubeColor,MdgOcct,IMPORTED,pseudocode,src/geometry/MdgOcct_recovered.cpp
108f812a,6,MdgOcct::getColorPoints,MdgOcct,IMPORTED,pseudocode,src/geometry/MdgOcct_recovered.cpp
108f8130,6,MdgOcct::getColorIndexs,MdgOcct,IMPORTED,pseudocode,src/geometry/MdgOcct_recovered.cpp
108f8136,6,MdgOcct::getWire3D,MdgOcct,IMPORTED,pseudocode,src/geometry/MdgOcct_recovered.cpp
108f813c,6,MdgOcct::getMaterialName,MdgOcct,IMPORTED,pseudocode,src/geometry/MdgOcct_recovered.cpp
108f8142,6,MdgOcct::setComment,MdgOcct,IMPORTED,pseudocode,src/geometry/MdgOcct_recovered.cpp
108f8148,6,MdgOcct::getComment,MdgOcct,IMPORTED,pseudocode,src/geometry/MdgOcct_recovered.cpp
108f814e,6,MdgOcct::setProgramText,MdgOcct,IMPORTED,pseudocode,src/geometry/MdgOcct_recovered.cpp
108f8154,6,MdgOcct::getProgramText,MdgOcct,IMPORTED,pseudocode,src/geometry/MdgOcct_recovered.cpp
108f815a,6,MdgOcct::setColor,MdgOcct,IMPORTED,pseudocode,src/geometry/MdgOcct_recovered.cpp
108f8160,6,MdgOcct::getColor,MdgOcct,IMPORTED,pseudocode,src/geometry/MdgOcct_recovered.cpp
108f8166,6,MdgOcct::setEnabled,MdgOcct,IMPORTED,pseudocode,src/geometry/MdgOcct_recovered.cpp
108f816c,6,MdgOcct::getEnabled,MdgOcct,IMPORTED,pseudocode,src/geometry/MdgOcct_recovered.cpp
108f8172,6,MdgOcct::setStatus,MdgOcct,IMPORTED,pseudocode,src/geometry/MdgOcct_recovered.cpp
108f8178,6,MdgOcct::getStatus,MdgOcct,IMPORTED,pseudocode,src/geometry/MdgOcct_recovered.cpp
108f817e,6,MdgOcct::setWorkType,MdgOcct,IMPORTED,pseudocode,src/geometry/MdgOcct_recovered.cpp
108f8184,6,MdgOcct::getWorkType,MdgOcct,IMPORTED,pseudocode,src/geometry/MdgOcct_recovered.cpp
108f818a,6,MdgOcct::setWorkWay,MdgOcct,IMPORTED,pseudocode,src/geometry/MdgOcct_recovered.cpp
108f8190,6,MdgOcct::getWorkWay,MdgOcct,IMPORTED,pseudocode,src/geometry/MdgOcct_recovered.cpp
108f8196,6,MdgOcct::setSortType,MdgOcct,IMPORTED,pseudocode,src/geometry/MdgOcct_recovered.cpp
108f819c,6,MdgOcct::getSortType,MdgOcct,IMPORTED,pseudocode,src/geometry/MdgOcct_recovered.cpp
108f81a2,6,MdgOcct::setCutClock,MdgOcct,IMPORTED,pseudocode,src/geometry/MdgOcct_recovered.cpp
108f81a8,6,MdgOcct::getCutClock,MdgOcct,IMPORTED,pseudocode,src/geometry/MdgOcct_recovered.cpp
108f81ae,6,MdgOcct::setPathDir,MdgOcct,IMPORTED,pseudocode,src/geometry/MdgOcct_recovered.cpp
108f81b4,6,MdgOcct::getPathDir,MdgOcct,IMPORTED,pseudocode,src/geometry/MdgOcct_recovered.cpp
108f81ba,6,MdgOcct::setisDepthFromTop,MdgOcct,IMPORTED,pseudocode,src/geometry/MdgOcct_recovered.cpp
108f81c0,6,MdgOcct::getisDepthFromTop,MdgOcct,IMPORTED,pseudocode,src/geometry/MdgOcct_recovered.cpp
108f81c6,6,MdgOcct::setEyeletIndex,MdgOcct,IMPORTED,pseudocode,src/geometry/MdgOcct_recovered.cpp
108f81cc,6,MdgOcct::getEyeletIndex,MdgOcct,IMPORTED,pseudocode,src/geometry/MdgOcct_recovered.cpp
108f81d2,6,MdgOcct::setKnifeStatus,MdgOcct,IMPORTED,pseudocode,src/geometry/MdgOcct_recovered.cpp
108f81d8,6,MdgOcct::getKnifeStatus,MdgOcct,IMPORTED,pseudocode,src/geometry/MdgOcct_recovered.cpp
108f81de,6,MdgOcct::setToolName,MdgOcct,IMPORTED,pseudocode,src/geometry/MdgOcct_recovered.cpp
108f81e4,6,MdgOcct::getToolName,MdgOcct,IMPORTED,pseudocode,src/geometry/MdgOcct_recovered.cpp
108f81ea,6,MdgOcct::setKnifeNo,MdgOcct,IMPORTED,pseudocode,src/geometry/MdgOcct_recovered.cpp
108f81f0,6,MdgOcct::getKnifeNo,MdgOcct,IMPORTED,pseudocode,src/geometry/MdgOcct_recovered.cpp
108f81f6,6,MdgOcct::setKnifeType,MdgOcct,IMPORTED,pseudocode,src/geometry/MdgOcct_recovered.cpp
108f81fc,6,MdgOcct::getKnifeType,MdgOcct,IMPORTED,pseudocode,src/geometry/MdgOcct_recovered.cpp
108f8202,6,MdgOcct::setMaxDiameter,MdgOcct,IMPORTED,pseudocode,src/geometry/MdgOcct_recovered.cpp
108f8208,6,MdgOcct::getMaxDiameter,MdgOcct,IMPORTED,pseudocode,src/geometry/MdgOcct_recovered.cpp
108f820e,6,MdgOcct::setMinDiameter,MdgOcct,IMPORTED,pseudocode,src/geometry/MdgOcct_recovered.cpp
108f8214,6,MdgOcct::getMinDiameter,MdgOcct,IMPORTED,pseudocode,src/geometry/MdgOcct_recovered.cpp
108f821a,6,MdgOcct::setPreDrilledDepth,MdgOcct,IMPORTED,pseudocode,src/geometry/MdgOcct_recovered.cpp
108f8220,6,MdgOcct::getPreDrilledDepth,MdgOcct,IMPORTED,pseudocode,src/geometry/MdgOcct_recovered.cpp
108f8226,6,MdgOcct::setDisThroughHoles,MdgOcct,IMPORTED,pseudocode,src/geometry/MdgOcct_recovered.cpp
108f822c,6,MdgOcct::getDisThroughHoles,MdgOcct,IMPORTED,pseudocode,src/geometry/MdgOcct_recovered.cpp
108f8232,6,MdgOcct::setenabledHoleMatch,MdgOcct,IMPORTED,pseudocode,src/geometry/MdgOcct_recovered.cpp
108f8238,6,MdgOcct::getenabledHoleMatch,MdgOcct,IMPORTED,pseudocode,src/geometry/MdgOcct_recovered.cpp
108f823e,6,MdgOcct::setCancelCounterbore,MdgOcct,IMPORTED,pseudocode,src/geometry/MdgOcct_recovered.cpp
108f8244,6,MdgOcct::getCancelCounterbore,MdgOcct,IMPORTED,pseudocode,src/geometry/MdgOcct_recovered.cpp
108f824a,6,MdgOcct::setBlankDrilling,MdgOcct,IMPORTED,pseudocode,src/geometry/MdgOcct_recovered.cpp
108f8250,6,MdgOcct::getBlankDrilling,MdgOcct,IMPORTED,pseudocode,src/geometry/MdgOcct_recovered.cpp
108f8256,6,MdgOcct::setIsThroughHoles,MdgOcct,IMPORTED,pseudocode,src/geometry/MdgOcct_recovered.cpp
108f825c,6,MdgOcct::getIsThroughHoles,MdgOcct,IMPORTED,pseudocode,src/geometry/MdgOcct_recovered.cpp
108f8262,6,MdgOcct::setIsEntityDepth,MdgOcct,IMPORTED,pseudocode,src/geometry/MdgOcct_recovered.cpp
108f8268,6,MdgOcct::getIsEntityDepth,MdgOcct,IMPORTED,pseudocode,src/geometry/MdgOcct_recovered.cpp
108f826e,6,MdgOcct::setToolRadius,MdgOcct,IMPORTED,pseudocode,src/geometry/MdgOcct_recovered.cpp
108f8274,6,MdgOcct::getToolRadius,MdgOcct,IMPORTED,pseudocode,src/geometry/MdgOcct_recovered.cpp
108f827a,6,MdgOcct::setEnableCompensation,MdgOcct,IMPORTED,pseudocode,src/geometry/MdgOcct_recovered.cpp
108f8280,6,MdgOcct::getEnableCompensation,MdgOcct,IMPORTED,pseudocode,src/geometry/MdgOcct_recovered.cpp
108f8286,6,MdgOcct::setRSpeed,MdgOcct,IMPORTED,pseudocode,src/geometry/MdgOcct_recovered.cpp
108f828c,6,MdgOcct::getRSpeed,MdgOcct,IMPORTED,pseudocode,src/geometry/MdgOcct_recovered.cpp
108f8292,6,MdgOcct::setCutSpeed,MdgOcct,IMPORTED,pseudocode,src/geometry/MdgOcct_recovered.cpp
108f8298,6,MdgOcct::getCutSpeed,MdgOcct,IMPORTED,pseudocode,src/geometry/MdgOcct_recovered.cpp
108f829e,6,MdgOcct::setOffsetValue,MdgOcct,IMPORTED,pseudocode,src/geometry/MdgOcct_recovered.cpp
108f82a4,6,MdgOcct::getOffsetValue,MdgOcct,IMPORTED,pseudocode,src/geometry/MdgOcct_recovered.cpp
108f82aa,6,MdgOcct::setToolRadiusWorn,MdgOcct,IMPORTED,pseudocode,src/geometry/MdgOcct_recovered.cpp
108f82b0,6,MdgOcct::getToolRadiusWorn,MdgOcct,IMPORTED,pseudocode,src/geometry/MdgOcct_recovered.cpp
108f82b6,6,MdgOcct::setToolLength,MdgOcct,IMPORTED,pseudocode,src/geometry/MdgOcct_recovered.cpp
108f82bc,6,MdgOcct::getToolLength,MdgOcct,IMPORTED,pseudocode,src/geometry/MdgOcct_recovered.cpp
108f82c2,6,MdgOcct::setToolLengthWorn,MdgOcct,IMPORTED,pseudocode,src/geometry/MdgOcct_recovered.cpp
108f82c8,6,MdgOcct::getToolLengthWorn,MdgOcct,IMPORTED,pseudocode,src/geometry/MdgOcct_recovered.cpp
108f82ce,6,MdgOcct::setDatum,MdgOcct,IMPORTED,pseudocode,src/geometry/MdgOcct_recovered.cpp
108f82d4,6,MdgOcct::getDatum,MdgOcct,IMPORTED,pseudocode,src/geometry/MdgOcct_recovered.cpp
108f82da,6,MdgOcct::setIsEntityDatum,MdgOcct,IMPORTED,pseudocode,src/geometry/MdgOcct_recovered.cpp
108f82e0,6,MdgOcct::getIsEntityDatum,MdgOcct,IMPORTED,pseudocode,src/geometry/MdgOcct_recovered.cpp
108f82e6,6,MdgOcct::setDriSpeed,MdgOcct,IMPORTED,pseudocode,src/geometry/MdgOcct_recovered.cpp
108f82ec,6,MdgOcct::getDriSpeed,MdgOcct,IMPORTED,pseudocode,src/geometry/MdgOcct_recovered.cpp
108f82f2,6,MdgOcct::setForwardValue,MdgOcct,IMPORTED,pseudocode,src/geometry/MdgOcct_recovered.cpp
108f82f8,6,MdgOcct::getForwardValue,MdgOcct,IMPORTED,pseudocode,src/geometry/MdgOcct_recovered.cpp
108f82fe,6,MdgOcct::setBackValue,MdgOcct,IMPORTED,pseudocode,src/geometry/MdgOcct_recovered.cpp
108f8304,6,MdgOcct::getBackValue,MdgOcct,IMPORTED,pseudocode,src/geometry/MdgOcct_recovered.cpp
108f830a,6,MdgOcct::setCutValue,MdgOcct,IMPORTED,pseudocode,src/geometry/MdgOcct_recovered.cpp
108f8310,6,MdgOcct::getCutValue,MdgOcct,IMPORTED,pseudocode,src/geometry/MdgOcct_recovered.cpp
108f8316,6,MdgOcct::setCutMark,MdgOcct,IMPORTED,pseudocode,src/geometry/MdgOcct_recovered.cpp
108f831c,6,MdgOcct::getCutMark,MdgOcct,IMPORTED,pseudocode,src/geometry/MdgOcct_recovered.cpp
108f8322,6,MdgOcct::setCutDepth,MdgOcct,IMPORTED,pseudocode,src/geometry/MdgOcct_recovered.cpp
108f8328,6,MdgOcct::getCutDepth,MdgOcct,IMPORTED,pseudocode,src/geometry/MdgOcct_recovered.cpp
108f832e,6,MdgOcct::setDepthStep,MdgOcct,IMPORTED,pseudocode,src/geometry/MdgOcct_recovered.cpp
108f8334,6,MdgOcct::getDepthStep,MdgOcct,IMPORTED,pseudocode,src/geometry/MdgOcct_recovered.cpp
108f833a,6,MdgOcct::setDepthMark,MdgOcct,IMPORTED,pseudocode,src/geometry/MdgOcct_recovered.cpp
108f8340,6,MdgOcct::getDepthMark,MdgOcct,IMPORTED,pseudocode,src/geometry/MdgOcct_recovered.cpp
108f8346,6,MdgOcct::setInToolAngle,MdgOcct,IMPORTED,pseudocode,src/geometry/MdgOcct_recovered.cpp
108f834c,6,MdgOcct::getInToolAngle,MdgOcct,IMPORTED,pseudocode,src/geometry/MdgOcct_recovered.cpp
108f8352,6,MdgOcct::setInToolLen,MdgOcct,IMPORTED,pseudocode,src/geometry/MdgOcct_recovered.cpp
108f8358,6,MdgOcct::getInToolLen,MdgOcct,IMPORTED,pseudocode,src/geometry/MdgOcct_recovered.cpp
108f835e,6,MdgOcct::setInToolRadius,MdgOcct,IMPORTED,pseudocode,src/geometry/MdgOcct_recovered.cpp
108f8364,6,MdgOcct::getInToolRadius,MdgOcct,IMPORTED,pseudocode,src/geometry/MdgOcct_recovered.cpp
108f836a,6,MdgOcct::setSafetyHeight,MdgOcct,IMPORTED,pseudocode,src/geometry/MdgOcct_recovered.cpp
108f8370,6,MdgOcct::getSafetyHeight,MdgOcct,IMPORTED,pseudocode,src/geometry/MdgOcct_recovered.cpp
108f8376,6,MdgOcct::setCuttingHeight,MdgOcct,IMPORTED,pseudocode,src/geometry/MdgOcct_recovered.cpp
108f837c,6,MdgOcct::getCuttingHeight,MdgOcct,IMPORTED,pseudocode,src/geometry/MdgOcct_recovered.cpp
108f8382,6,MdgOcct::setisEntitySafetyHeight,MdgOcct,IMPORTED,pseudocode,src/geometry/MdgOcct_recovered.cpp
108f8388,6,MdgOcct::getisEntitySafetyHeight,MdgOcct,IMPORTED,pseudocode,src/geometry/MdgOcct_recovered.cpp
108f838e,6,MdgOcct::setisEntityCuttingHeight,MdgOcct,IMPORTED,pseudocode,src/geometry/MdgOcct_recovered.cpp
108f8394,6,MdgOcct::getisEntityCuttingHeight,MdgOcct,IMPORTED,pseudocode,src/geometry/MdgOcct_recovered.cpp
108f839a,6,MdgOcct::setOvercutValue,MdgOcct,IMPORTED,pseudocode,src/geometry/MdgOcct_recovered.cpp
108f83a0,6,MdgOcct::getOvercutValue,MdgOcct,IMPORTED,pseudocode,src/geometry/MdgOcct_recovered.cpp
108f83a6,6,MdgOcct::setCutLineAngle,MdgOcct,IMPORTED,pseudocode,src/geometry/MdgOcct_recovered.cpp
108f83ac,6,MdgOcct::getCutLineAngle,MdgOcct,IMPORTED,pseudocode,src/geometry/MdgOcct_recovered.cpp
108f83b2,6,MdgOcct::setPathType,MdgOcct,IMPORTED,pseudocode,src/geometry/MdgOcct_recovered.cpp
108f83b8,6,MdgOcct::getPathType,MdgOcct,IMPORTED,pseudocode,src/geometry/MdgOcct_recovered.cpp
108f83be,6,MdgOcct::setDoublePathLinkType,MdgOcct,IMPORTED,pseudocode,src/geometry/MdgOcct_recovered.cpp
108f83c4,6,MdgOcct::getDoublePathLinkType,MdgOcct,IMPORTED,pseudocode,src/geometry/MdgOcct_recovered.cpp
108f83ca,6,MdgOcct::setComplementType,MdgOcct,IMPORTED,pseudocode,src/geometry/MdgOcct_recovered.cpp
108f83d0,6,MdgOcct::getComplementType,MdgOcct,IMPORTED,pseudocode,src/geometry/MdgOcct_recovered.cpp
108f83d6,6,MdgOcct::setMillDir,MdgOcct,IMPORTED,pseudocode,src/geometry/MdgOcct_recovered.cpp
108f83dc,6,MdgOcct::getMillDir,MdgOcct,IMPORTED,pseudocode,src/geometry/MdgOcct_recovered.cpp
108f83e2,6,MdgOcct::setInOutToolType,MdgOcct,IMPORTED,pseudocode,src/geometry/MdgOcct_recovered.cpp
108f83e8,6,MdgOcct::getInOutToolType,MdgOcct,IMPORTED,pseudocode,src/geometry/MdgOcct_recovered.cpp
108f83ee,6,MdgOcct::setSpiralDir,MdgOcct,IMPORTED,pseudocode,src/geometry/MdgOcct_recovered.cpp
108f83f4,6,MdgOcct::getSpiralDir,MdgOcct,IMPORTED,pseudocode,src/geometry/MdgOcct_recovered.cpp
108f83fa,6,MdgOcct::setInToolLineEnable,MdgOcct,IMPORTED,pseudocode,src/geometry/MdgOcct_recovered.cpp
108f8400,6,MdgOcct::getInToolLineEnable,MdgOcct,IMPORTED,pseudocode,src/geometry/MdgOcct_recovered.cpp
108f8406,6,MdgOcct::setOutToolLineEnable,MdgOcct,IMPORTED,pseudocode,src/geometry/MdgOcct_recovered.cpp
108f840c,6,MdgOcct::getOutToolLineEnable,MdgOcct,IMPORTED,pseudocode,src/geometry/MdgOcct_recovered.cpp
108f8412,6,MdgOcct::setInOutLineLen,MdgOcct,IMPORTED,pseudocode,src/geometry/MdgOcct_recovered.cpp
108f8418,6,MdgOcct::getInOutLineLen,MdgOcct,IMPORTED,pseudocode,src/geometry/MdgOcct_recovered.cpp
108f841e,6,MdgOcct::setInOutRadius,MdgOcct,IMPORTED,pseudocode,src/geometry/MdgOcct_recovered.cpp
108f8424,6,MdgOcct::getInOutRadius,MdgOcct,IMPORTED,pseudocode,src/geometry/MdgOcct_recovered.cpp
108f842a,6,MdgOcct::setToolCompensationMode,MdgOcct,IMPORTED,pseudocode,src/geometry/MdgOcct_recovered.cpp
108f8430,6,MdgOcct::getToolCompensationMode,MdgOcct,IMPORTED,pseudocode,src/geometry/MdgOcct_recovered.cpp
108f8436,6,MdgOcct::setFirstPeckDrillDis,MdgOcct,IMPORTED,pseudocode,src/geometry/MdgOcct_recovered.cpp
108f843c,6,MdgOcct::getFirstPeckDrillDis,MdgOcct,IMPORTED,pseudocode,src/geometry/MdgOcct_recovered.cpp
108f8442,6,MdgOcct::setholeNullRadius,MdgOcct,IMPORTED,pseudocode,src/geometry/MdgOcct_recovered.cpp
108f8448,6,MdgOcct::getholeNullRadius,MdgOcct,IMPORTED,pseudocode,src/geometry/MdgOcct_recovered.cpp
108f844e,6,MdgOcct::setSpiralCutHoleMinCutRadius,MdgOcct,IMPORTED,pseudocode,src/geometry/MdgOcct_recovered.cpp
108f8454,6,MdgOcct::getSpiralCutHoleMinCutRadius,MdgOcct,IMPORTED,pseudocode,src/geometry/MdgOcct_recovered.cpp
108f845a,6,MdgOcct::setSpiralCutValue,MdgOcct,IMPORTED,pseudocode,src/geometry/MdgOcct_recovered.cpp
108f8460,6,MdgOcct::getSpiralCutValue,MdgOcct,IMPORTED,pseudocode,src/geometry/MdgOcct_recovered.cpp
108f8466,6,MdgOcct::setSpiralDepthStep,MdgOcct,IMPORTED,pseudocode,src/geometry/MdgOcct_recovered.cpp
108f846c,6,MdgOcct::getSpiralDepthStep,MdgOcct,IMPORTED,pseudocode,src/geometry/MdgOcct_recovered.cpp
108f8472,6,MdgOcct::setFace3DMoreDepth,MdgOcct,IMPORTED,pseudocode,src/geometry/MdgOcct_recovered.cpp
108f8478,6,MdgOcct::getFace3DMoreDepth,MdgOcct,IMPORTED,pseudocode,src/geometry/MdgOcct_recovered.cpp
108f847e,6,MdgOcct::setFace3DCutType,MdgOcct,IMPORTED,pseudocode,src/geometry/MdgOcct_recovered.cpp
108f8484,6,MdgOcct::getFace3DCutType,MdgOcct,IMPORTED,pseudocode,src/geometry/MdgOcct_recovered.cpp
108f848a,6,MdgOcct::setFace3DCutAngle,MdgOcct,IMPORTED,pseudocode,src/geometry/MdgOcct_recovered.cpp
108f8490,6,MdgOcct::getFace3DCutAngle,MdgOcct,IMPORTED,pseudocode,src/geometry/MdgOcct_recovered.cpp
108f8496,6,MdgOcct::setFace3DExtendValue,MdgOcct,IMPORTED,pseudocode,src/geometry/MdgOcct_recovered.cpp
108f849c,6,MdgOcct::getFace3DExtendValue,MdgOcct,IMPORTED,pseudocode,src/geometry/MdgOcct_recovered.cpp
108f84a2,6,MdgOcct::setFace3DSideExtendValue,MdgOcct,IMPORTED,pseudocode,src/geometry/MdgOcct_recovered.cpp
108f84a8,6,MdgOcct::getFace3DSideExtendValue,MdgOcct,IMPORTED,pseudocode,src/geometry/MdgOcct_recovered.cpp
108f84ae,6,MdgOcct::setsafeDsitance,MdgOcct,IMPORTED,pseudocode,src/geometry/MdgOcct_recovered.cpp
108f84b4,6,MdgOcct::getsafeDsitance,MdgOcct,IMPORTED,pseudocode,src/geometry/MdgOcct_recovered.cpp
108f84ba,6,MdgOcct::setundercutEnable,MdgOcct,IMPORTED,pseudocode,src/geometry/MdgOcct_recovered.cpp
108f84c0,6,MdgOcct::getundercutEnable,MdgOcct,IMPORTED,pseudocode,src/geometry/MdgOcct_recovered.cpp
108f84c6,6,MdgOcct::settoolThickness,MdgOcct,IMPORTED,pseudocode,src/geometry/MdgOcct_recovered.cpp
108f84cc,6,MdgOcct::gettoolThickness,MdgOcct,IMPORTED,pseudocode,src/geometry/MdgOcct_recovered.cpp
108f84d2,6,MdgOcct::setFace3DTopGapFilling,MdgOcct,IMPORTED,pseudocode,src/geometry/MdgOcct_recovered.cpp
108f84d8,6,MdgOcct::getFace3DTopGapFilling,MdgOcct,IMPORTED,pseudocode,src/geometry/MdgOcct_recovered.cpp
108f84de,6,MdgOcct::setdealConvexHullEnable,MdgOcct,IMPORTED,pseudocode,src/geometry/MdgOcct_recovered.cpp
108f84e4,6,MdgOcct::getdealConvexHullEnable,MdgOcct,IMPORTED,pseudocode,src/geometry/MdgOcct_recovered.cpp
108f84ea,6,MdgOcct::setfaceMark,MdgOcct,IMPORTED,pseudocode,src/geometry/MdgOcct_recovered.cpp
108f84f0,6,MdgOcct::getfaceMark,MdgOcct,IMPORTED,pseudocode,src/geometry/MdgOcct_recovered.cpp
108f84f6,6,MdgOcct::setclearIslandGrooveToolRadius,MdgOcct,IMPORTED,pseudocode,src/geometry/MdgOcct_recovered.cpp
108f84fc,6,MdgOcct::getclearIslandGrooveToolRadius,MdgOcct,IMPORTED,pseudocode,src/geometry/MdgOcct_recovered.cpp
108f8502,6,MdgOcct::setisMillHole,MdgOcct,IMPORTED,pseudocode,src/geometry/MdgOcct_recovered.cpp
108f8508,6,MdgOcct::getisMillHole,MdgOcct,IMPORTED,pseudocode,src/geometry/MdgOcct_recovered.cpp
108f850e,6,MdgOcct::setmillingGrooveUpTool,MdgOcct,IMPORTED,pseudocode,src/geometry/MdgOcct_recovered.cpp
108f8514,6,MdgOcct::getmillingGrooveUpTool,MdgOcct,IMPORTED,pseudocode,src/geometry/MdgOcct_recovered.cpp
108f851a,6,MdgOcct::setStratifyBySlope,MdgOcct,IMPORTED,pseudocode,src/geometry/MdgOcct_recovered.cpp
108f8520,6,MdgOcct::getStratifyBySlope,MdgOcct,IMPORTED,pseudocode,src/geometry/MdgOcct_recovered.cpp
108f8526,6,MdgOcct::setForceExternalInTool,MdgOcct,IMPORTED,pseudocode,src/geometry/MdgOcct_recovered.cpp
108f852c,6,MdgOcct::getForceExternalInTool,MdgOcct,IMPORTED,pseudocode,src/geometry/MdgOcct_recovered.cpp
108f8532,6,MdgOcct::setCoolType,MdgOcct,IMPORTED,pseudocode,src/geometry/MdgOcct_recovered.cpp
108f8538,6,MdgOcct::getCoolType,MdgOcct,IMPORTED,pseudocode,src/geometry/MdgOcct_recovered.cpp
108f853e,6,MdgOcct::setSlopeCutDir,MdgOcct,IMPORTED,pseudocode,src/geometry/MdgOcct_recovered.cpp
108f8544,6,MdgOcct::getSlopeCutDir,MdgOcct,IMPORTED,pseudocode,src/geometry/MdgOcct_recovered.cpp
108f854a,6,MdgOcct::setCoorSystemType,MdgOcct,IMPORTED,pseudocode,src/geometry/MdgOcct_recovered.cpp
108f8550,6,MdgOcct::getCoorSystemType,MdgOcct,IMPORTED,pseudocode,src/geometry/MdgOcct_recovered.cpp
108f8556,6,MdgOcct::setBoreHoleDir,MdgOcct,IMPORTED,pseudocode,src/geometry/MdgOcct_recovered.cpp
108f855c,6,MdgOcct::getBoreHoleDir,MdgOcct,IMPORTED,pseudocode,src/geometry/MdgOcct_recovered.cpp
108f8562,6,MdgOcct::setBoreHoleOffset,MdgOcct,IMPORTED,pseudocode,src/geometry/MdgOcct_recovered.cpp
108f8568,6,MdgOcct::getBoreHoleOffset,MdgOcct,IMPORTED,pseudocode,src/geometry/MdgOcct_recovered.cpp
108f856e,6,MdgOcct::setPeckDrillType,MdgOcct,IMPORTED,pseudocode,src/geometry/MdgOcct_recovered.cpp
108f8574,6,MdgOcct::getPeckDrillType,MdgOcct,IMPORTED,pseudocode,src/geometry/MdgOcct_recovered.cpp
108f857a,6,MdgOcct::setRaiseToolSpeed,MdgOcct,IMPORTED,pseudocode,src/geometry/MdgOcct_recovered.cpp
108f8580,6,MdgOcct::getRaiseToolSpeed,MdgOcct,IMPORTED,pseudocode,src/geometry/MdgOcct_recovered.cpp
108f8586,6,MdgOcct::setArcAngle,MdgOcct,IMPORTED,pseudocode,src/geometry/MdgOcct_recovered.cpp
108f858c,6,MdgOcct::getArcAngle,MdgOcct,IMPORTED,pseudocode,src/geometry/MdgOcct_recovered.cpp
108f8592,6,MdgOcct::setSpiralCutModeel,MdgOcct,IMPORTED,pseudocode,src/geometry/MdgOcct_recovered.cpp
108f8598,6,MdgOcct::getSpiralCutModeel,MdgOcct,IMPORTED,pseudocode,src/geometry/MdgOcct_recovered.cpp
108f859e,6,MdgOcct::setCutInShapeMark,MdgOcct,IMPORTED,pseudocode,src/geometry/MdgOcct_recovered.cpp
108f85a4,6,MdgOcct::getCutInShapeMark,MdgOcct,IMPORTED,pseudocode,src/geometry/MdgOcct_recovered.cpp
108f85aa,6,MdgOcct::setToolChamferAngle,MdgOcct,IMPORTED,pseudocode,src/geometry/MdgOcct_recovered.cpp
108f85b0,6,MdgOcct::getToolChamferAngle,MdgOcct,IMPORTED,pseudocode,src/geometry/MdgOcct_recovered.cpp
108f85b6,6,MdgOcct::setToolNoseRadius,MdgOcct,IMPORTED,pseudocode,src/geometry/MdgOcct_recovered.cpp
108f85bc,6,MdgOcct::getToolNoseRadius,MdgOcct,IMPORTED,pseudocode,src/geometry/MdgOcct_recovered.cpp
108f85c2,6,MdgOcct::setChamferWidth,MdgOcct,IMPORTED,pseudocode,src/geometry/MdgOcct_recovered.cpp
108f85c8,6,MdgOcct::getChamferWidth,MdgOcct,IMPORTED,pseudocode,src/geometry/MdgOcct_recovered.cpp
108f85ce,6,MdgOcct::setToolNoseOffset,MdgOcct,IMPORTED,pseudocode,src/geometry/MdgOcct_recovered.cpp
108f85d4,6,MdgOcct::getToolNoseOffset,MdgOcct,IMPORTED,pseudocode,src/geometry/MdgOcct_recovered.cpp
108f85da,6,MdgOcct::setchamferSideSpacingDistance,MdgOcct,IMPORTED,pseudocode,src/geometry/MdgOcct_recovered.cpp
108f85e0,6,MdgOcct::getchamferSideSpacingDistance,MdgOcct,IMPORTED,pseudocode,src/geometry/MdgOcct_recovered.cpp
108f85e6,6,MdgOcct::setInToolZDistance,MdgOcct,IMPORTED,pseudocode,src/geometry/MdgOcct_recovered.cpp
108f85ec,6,MdgOcct::getInToolZDistance,MdgOcct,IMPORTED,pseudocode,src/geometry/MdgOcct_recovered.cpp
108f85f2,6,MdgOcct::setInToolLenPlane,MdgOcct,IMPORTED,pseudocode,src/geometry/MdgOcct_recovered.cpp
108f85f8,6,MdgOcct::getInToolLenPlane,MdgOcct,IMPORTED,pseudocode,src/geometry/MdgOcct_recovered.cpp
108f85fe,6,MdgOcct::setXYOffsetEnable,MdgOcct,IMPORTED,pseudocode,src/geometry/MdgOcct_recovered.cpp
108f8604,6,MdgOcct::getXYOffsetEnable,MdgOcct,IMPORTED,pseudocode,src/geometry/MdgOcct_recovered.cpp
108f860a,6,MdgOcct::setCutShapeType,MdgOcct,IMPORTED,pseudocode,src/geometry/MdgOcct_recovered.cpp
108f8610,6,MdgOcct::getCutShapeType,MdgOcct,IMPORTED,pseudocode,src/geometry/MdgOcct_recovered.cpp
108f8616,6,MdgOcct::setTeethNumber,MdgOcct,IMPORTED,pseudocode,src/geometry/MdgOcct_recovered.cpp
108f861c,6,MdgOcct::getTeethNumber,MdgOcct,IMPORTED,pseudocode,src/geometry/MdgOcct_recovered.cpp
108f8622,6,MdgOcct::setRoughMillingTime,MdgOcct,IMPORTED,pseudocode,src/geometry/MdgOcct_recovered.cpp
108f8628,6,MdgOcct::getRoughMillingTime,MdgOcct,IMPORTED,pseudocode,src/geometry/MdgOcct_recovered.cpp
108f862e,6,MdgOcct::setRoughMillingValue,MdgOcct,IMPORTED,pseudocode,src/geometry/MdgOcct_recovered.cpp
108f8634,6,MdgOcct::getRoughMillingValue,MdgOcct,IMPORTED,pseudocode,src/geometry/MdgOcct_recovered.cpp
108f863a,6,MdgOcct::setFineMillingTime,MdgOcct,IMPORTED,pseudocode,src/geometry/MdgOcct_recovered.cpp
108f8640,6,MdgOcct::getFineMillingTime,MdgOcct,IMPORTED,pseudocode,src/geometry/MdgOcct_recovered.cpp
108f8646,6,MdgOcct::setFineMillingValue,MdgOcct,IMPORTED,pseudocode,src/geometry/MdgOcct_recovered.cpp
108f864c,6,MdgOcct::getFineMillingValue,MdgOcct,IMPORTED,pseudocode,src/geometry/MdgOcct_recovered.cpp
108f8652,6,MdgOcct::setSpiralDistance,MdgOcct,IMPORTED,pseudocode,src/geometry/MdgOcct_recovered.cpp
108f8658,6,MdgOcct::getSpiralDistance,MdgOcct,IMPORTED,pseudocode,src/geometry/MdgOcct_recovered.cpp
108f865e,6,MdgOcct::setSpiralCutInToolAngle,MdgOcct,IMPORTED,pseudocode,src/geometry/MdgOcct_recovered.cpp
108f8664,6,MdgOcct::getSpiralCutInToolAngle,MdgOcct,IMPORTED,pseudocode,src/geometry/MdgOcct_recovered.cpp
108f866a,6,MdgOcct::setclearIslandRemainToolRadius,MdgOcct,IMPORTED,pseudocode,src/geometry/MdgOcct_recovered.cpp
108f8670,6,MdgOcct::getclearIslandRemainToolRadius,MdgOcct,IMPORTED,pseudocode,src/geometry/MdgOcct_recovered.cpp
108f8676,6,MdgOcct::setClearInnerCornerUpTool,MdgOcct,IMPORTED,pseudocode,src/geometry/MdgOcct_recovered.cpp
108f867c,6,MdgOcct::getClearInnerCornerUpTool,MdgOcct,IMPORTED,pseudocode,src/geometry/MdgOcct_recovered.cpp
108f8682,6,MdgOcct::setClearInnerCornerSafeDistance,MdgOcct,IMPORTED,pseudocode,src/geometry/MdgOcct_recovered.cpp
108f8688,6,MdgOcct::getClearInnerCornerSafeDistance,MdgOcct,IMPORTED,pseudocode,src/geometry/MdgOcct_recovered.cpp
108f868e,6,MdgOcct::setClearInnerCornerPerDiameter,MdgOcct,IMPORTED,pseudocode,src/geometry/MdgOcct_recovered.cpp
108f8694,6,MdgOcct::getClearInnerCornerPerDiameter,MdgOcct,IMPORTED,pseudocode,src/geometry/MdgOcct_recovered.cpp
108f869a,6,MdgOcct::setClearInnerCornerTolerancePercent,MdgOcct,IMPORTED,pseudocode,src/geometry/MdgOcct_recovered.cpp
108f86a0,6,MdgOcct::getClearInnerCornerTolerancePercent,MdgOcct,IMPORTED,pseudocode,src/geometry/MdgOcct_recovered.cpp
108f86a6,6,MdgOcct::setOnePathGrooveType,MdgOcct,IMPORTED,pseudocode,src/geometry/MdgOcct_recovered.cpp
108f86ac,6,MdgOcct::getOnePathGrooveType,MdgOcct,IMPORTED,pseudocode,src/geometry/MdgOcct_recovered.cpp
108f86b2,6,MdgOcct::setSlopeAngle,MdgOcct,IMPORTED,pseudocode,src/geometry/MdgOcct_recovered.cpp
108f86b8,6,MdgOcct::getSlopeAngle,MdgOcct,IMPORTED,pseudocode,src/geometry/MdgOcct_recovered.cpp
108f86be,6,MdgOcct::setSlopeXYWidth,MdgOcct,IMPORTED,pseudocode,src/geometry/MdgOcct_recovered.cpp
108f86c4,6,MdgOcct::getSlopeXYWidth,MdgOcct,IMPORTED,pseudocode,src/geometry/MdgOcct_recovered.cpp
108f86ca,6,MdgOcct::setSlopeProtectEdge,MdgOcct,IMPORTED,pseudocode,src/geometry/MdgOcct_recovered.cpp
108f86d0,6,MdgOcct::getSlopeProtectEdge,MdgOcct,IMPORTED,pseudocode,src/geometry/MdgOcct_recovered.cpp
108f86d6,6,MdgOcct::setMillingSlopeFiltOpenPath,MdgOcct,IMPORTED,pseudocode,src/geometry/MdgOcct_recovered.cpp
108f86dc,6,MdgOcct::getMillingSlopeFiltOpenPath,MdgOcct,IMPORTED,pseudocode,src/geometry/MdgOcct_recovered.cpp
108f86e2,6,MdgOcct::setSlopeCutType,MdgOcct,IMPORTED,pseudocode,src/geometry/MdgOcct_recovered.cpp
108f86e8,6,MdgOcct::getSlopeCutType,MdgOcct,IMPORTED,pseudocode,src/geometry/MdgOcct_recovered.cpp
108f86ee,6,MdgOcct::setfilletedCornerType,MdgOcct,IMPORTED,pseudocode,src/geometry/MdgOcct_recovered.cpp
108f86f4,6,MdgOcct::getfilletedCornerType,MdgOcct,IMPORTED,pseudocode,src/geometry/MdgOcct_recovered.cpp
108f86fa,6,MdgOcct::setfilletedCornerCutType,MdgOcct,IMPORTED,pseudocode,src/geometry/MdgOcct_recovered.cpp
108f8700,6,MdgOcct::getfilletedCornerCutType,MdgOcct,IMPORTED,pseudocode,src/geometry/MdgOcct_recovered.cpp
108f8706,6,MdgOcct::setfilletedCornerProtectEdge,MdgOcct,IMPORTED,pseudocode,src/geometry/MdgOcct_recovered.cpp
108f870c,6,MdgOcct::getfilletedCornerProtectEdge,MdgOcct,IMPORTED,pseudocode,src/geometry/MdgOcct_recovered.cpp
108f8712,6,MdgOcct::setfilletedCornerRadius,MdgOcct,IMPORTED,pseudocode,src/geometry/MdgOcct_recovered.cpp
108f8718,6,MdgOcct::getfilletedCornerRadius,MdgOcct,IMPORTED,pseudocode,src/geometry/MdgOcct_recovered.cpp
108f871e,6,MdgOcct::setfilletedCornerUpTool,MdgOcct,IMPORTED,pseudocode,src/geometry/MdgOcct_recovered.cpp
108f8724,6,MdgOcct::getfilletedCornerUpTool,MdgOcct,IMPORTED,pseudocode,src/geometry/MdgOcct_recovered.cpp
108f872a,6,MdgOcct::setfixSlopeXYWidth,MdgOcct,IMPORTED,pseudocode,src/geometry/MdgOcct_recovered.cpp
108f8730,6,MdgOcct::getfixSlopeXYWidth,MdgOcct,IMPORTED,pseudocode,src/geometry/MdgOcct_recovered.cpp
108f8736,6,MdgOcct::setfixSlopeXYOffsetEnable,MdgOcct,IMPORTED,pseudocode,src/geometry/MdgOcct_recovered.cpp
108f873c,6,MdgOcct::getfixSlopeXYOffsetEnable,MdgOcct,IMPORTED,pseudocode,src/geometry/MdgOcct_recovered.cpp
108f8742,6,MdgOcct::setfixSlopeProtectEdge,MdgOcct,IMPORTED,pseudocode,src/geometry/MdgOcct_recovered.cpp
108f8748,6,MdgOcct::getfixSlopeProtectEdge,MdgOcct,IMPORTED,pseudocode,src/geometry/MdgOcct_recovered.cpp
108f874e,6,MdgOcct::setshapeCutUpTool,MdgOcct,IMPORTED,pseudocode,src/geometry/MdgOcct_recovered.cpp
108f8754,6,MdgOcct::getshapeCutUpTool,MdgOcct,IMPORTED,pseudocode,src/geometry/MdgOcct_recovered.cpp
108f875a,6,MdgOcct::setchamferUpTool,MdgOcct,IMPORTED,pseudocode,src/geometry/MdgOcct_recovered.cpp
108f8760,6,MdgOcct::getchamferUpTool,MdgOcct,IMPORTED,pseudocode,src/geometry/MdgOcct_recovered.cpp
108f8766,6,MdgOcct::setslopeUpTool,MdgOcct,IMPORTED,pseudocode,src/geometry/MdgOcct_recovered.cpp
108f876c,6,MdgOcct::getslopeUpTool,MdgOcct,IMPORTED,pseudocode,src/geometry/MdgOcct_recovered.cpp
108f8772,6,MdgOcct::setenableSlopeMinZ,MdgOcct,IMPORTED,pseudocode,src/geometry/MdgOcct_recovered.cpp
108f8778,6,MdgOcct::getenableSlopeMinZ,MdgOcct,IMPORTED,pseudocode,src/geometry/MdgOcct_recovered.cpp
108f877e,6,MdgOcct::setslopeMinZ,MdgOcct,IMPORTED,pseudocode,src/geometry/MdgOcct_recovered.cpp
108f8784,6,MdgOcct::getslopeMinZ,MdgOcct,IMPORTED,pseudocode,src/geometry/MdgOcct_recovered.cpp
108f878a,6,MdgOcct::setenableFinemillSpeed,MdgOcct,IMPORTED,pseudocode,src/geometry/MdgOcct_recovered.cpp
108f8790,6,MdgOcct::getenableFinemillSpeed,MdgOcct,IMPORTED,pseudocode,src/geometry/MdgOcct_recovered.cpp
108f8796,6,MdgOcct::setfineMillingRSpeed,MdgOcct,IMPORTED,pseudocode,src/geometry/MdgOcct_recovered.cpp
108f879c,6,MdgOcct::getfineMillingRSpeed,MdgOcct,IMPORTED,pseudocode,src/geometry/MdgOcct_recovered.cpp
108f87a2,6,MdgOcct::setfineMillingFSpeed,MdgOcct,IMPORTED,pseudocode,src/geometry/MdgOcct_recovered.cpp
108f87a8,6,MdgOcct::getfineMillingFSpeed,MdgOcct,IMPORTED,pseudocode,src/geometry/MdgOcct_recovered.cpp
108f87ae,6,MdgOcct::setinOutZDistance,MdgOcct,IMPORTED,pseudocode,src/geometry/MdgOcct_recovered.cpp
108f87b4,6,MdgOcct::getinOutZDistance,MdgOcct,IMPORTED,pseudocode,src/geometry/MdgOcct_recovered.cpp
108f87ba,6,MdgOcct::setmodSpiralDiameter,MdgOcct,IMPORTED,pseudocode,src/geometry/MdgOcct_recovered.cpp
108f87c0,6,MdgOcct::getmodSpiralDiameter,MdgOcct,IMPORTED,pseudocode,src/geometry/MdgOcct_recovered.cpp
108f87c6,6,MdgOcct::setspiralDiameterValue,MdgOcct,IMPORTED,pseudocode,src/geometry/MdgOcct_recovered.cpp
108f87cc,6,MdgOcct::getspiralDiameterValue,MdgOcct,IMPORTED,pseudocode,src/geometry/MdgOcct_recovered.cpp
108f87d2,6,MdgOcct::setcutToolType,MdgOcct,IMPORTED,pseudocode,src/geometry/MdgOcct_recovered.cpp
108f87d8,6,MdgOcct::getcutToolType,MdgOcct,IMPORTED,pseudocode,src/geometry/MdgOcct_recovered.cpp
108f87de,6,MdgOcct::setRoundNoseToolRadius,MdgOcct,IMPORTED,pseudocode,src/geometry/MdgOcct_recovered.cpp
108f87e4,6,MdgOcct::getRoundNoseToolRadius,MdgOcct,IMPORTED,pseudocode,src/geometry/MdgOcct_recovered.cpp
108f87ea,6,MdgOcct::setfilletedCornerFeedAngle,MdgOcct,IMPORTED,pseudocode,src/geometry/MdgOcct_recovered.cpp
108f87f0,6,MdgOcct::getfilletedCornerFeedAngle,MdgOcct,IMPORTED,pseudocode,src/geometry/MdgOcct_recovered.cpp
108f87f6,6,MdgOcct::setfilletedMinAngle,MdgOcct,IMPORTED,pseudocode,src/geometry/MdgOcct_recovered.cpp
108f87fc,6,MdgOcct::getfilletedMinAngle,MdgOcct,IMPORTED,pseudocode,src/geometry/MdgOcct_recovered.cpp
108f8802,6,MdgOcct::setfilletedMaxAngle,MdgOcct,IMPORTED,pseudocode,src/geometry/MdgOcct_recovered.cpp
108f8808,6,MdgOcct::getfilletedMaxAngle,MdgOcct,IMPORTED,pseudocode,src/geometry/MdgOcct_recovered.cpp
108f880e,6,MdgOcct::setprotectEdgeExtendValue,MdgOcct,IMPORTED,pseudocode,src/geometry/MdgOcct_recovered.cpp
108f8814,6,MdgOcct::getprotectEdgeExtendValue,MdgOcct,IMPORTED,pseudocode,src/geometry/MdgOcct_recovered.cpp
108f881a,6,MdgOcct::setMajorId,MdgOcct,IMPORTED,pseudocode,src/geometry/MdgOcct_recovered.cpp
108f8820,6,MdgOcct::getMajorId,MdgOcct,IMPORTED,pseudocode,src/geometry/MdgOcct_recovered.cpp
108f8826,6,MdgOcct::setuseBndBox,MdgOcct,IMPORTED,pseudocode,src/geometry/MdgOcct_recovered.cpp
108f882c,6,MdgOcct::getuseBndBox,MdgOcct,IMPORTED,pseudocode,src/geometry/MdgOcct_recovered.cpp
108f8832,6,MdgOcct::setoutwardValue,MdgOcct,IMPORTED,pseudocode,src/geometry/MdgOcct_recovered.cpp
108f8838,6,MdgOcct::getoutwardValue,MdgOcct,IMPORTED,pseudocode,src/geometry/MdgOcct_recovered.cpp
108f883e,6,MdgOcct::getBlankParams,MdgOcct,IMPORTED,pseudocode,src/geometry/MdgOcct_recovered.cpp
108f8844,6,MdgOcct::setOcctCoord,MdgOcct,IMPORTED,pseudocode,src/geometry/MdgOcct_recovered.cpp
108f884a,6,MdgOcct::getOcctCoord,MdgOcct,IMPORTED,pseudocode,src/geometry/MdgOcct_recovered.cpp
108f8850,6,MdgOcct::setPathTransferParams,MdgOcct,IMPORTED,pseudocode,src/geometry/MdgOcct_recovered.cpp
108f8856,6,MdgOcct::getPathTransferParams,MdgOcct,IMPORTED,pseudocode,src/geometry/MdgOcct_recovered.cpp
108f885c,6,MdgOcct::setDeepHoleDrillParams,MdgOcct,IMPORTED,pseudocode,src/geometry/MdgOcct_recovered.cpp
108f8862,6,MdgOcct::getDeepHoleDrillParams,MdgOcct,IMPORTED,pseudocode,src/geometry/MdgOcct_recovered.cpp
108f8868,6,MdgOcct::setenableCoordArray,MdgOcct,IMPORTED,pseudocode,src/geometry/MdgOcct_recovered.cpp
108f886e,6,MdgOcct::getenableCoordArray,MdgOcct,IMPORTED,pseudocode,src/geometry/MdgOcct_recovered.cpp
108f8874,6,MdgOcct::setcoordArrayIds,MdgOcct,IMPORTED,pseudocode,src/geometry/MdgOcct_recovered.cpp
108f887a,6,MdgOcct::getcoordArrayIds,MdgOcct,IMPORTED,pseudocode,src/geometry/MdgOcct_recovered.cpp
108f8880,6,MdgOcct::setModuleType,MdgOcct,IMPORTED,pseudocode,src/geometry/MdgOcct_recovered.cpp
108f8886,6,MdgOcct::getModuleType,MdgOcct,IMPORTED,pseudocode,src/geometry/MdgOcct_recovered.cpp
108f888c,6,MdgOcct::setCornerLineModuleParams,MdgOcct,IMPORTED,pseudocode,src/geometry/MdgOcct_recovered.cpp
108f8892,6,MdgOcct::getCornerLineModuleParams,MdgOcct,IMPORTED,pseudocode,src/geometry/MdgOcct_recovered.cpp
108f8898,6,MdgOcct::setbaseLargerEdgeSetStartPoint,MdgOcct,IMPORTED,pseudocode,src/geometry/MdgOcct_recovered.cpp
108f889e,6,MdgOcct::getbaseLargerEdgeSetStartPoint,MdgOcct,IMPORTED,pseudocode,src/geometry/MdgOcct_recovered.cpp
108f88a4,6,MdgOcct::setLsComplementType,MdgOcct,IMPORTED,pseudocode,src/geometry/MdgOcct_recovered.cpp
108f88aa,6,MdgOcct::getLsComplementType,MdgOcct,IMPORTED,pseudocode,src/geometry/MdgOcct_recovered.cpp
108f88b0,6,MdgOcct::getWorkList,MdgOcct,IMPORTED,pseudocode,src/geometry/MdgOcct_recovered.cpp
108f88b6,6,MdgOcct::getOriWire,MdgOcct,IMPORTED,pseudocode,src/geometry/MdgOcct_recovered.cpp
108f88bc,6,MdgOcct::setOriWire2,MdgOcct,IMPORTED,pseudocode,src/geometry/MdgOcct_recovered.cpp
108f88c2,6,MdgOcct::getOriWire2,MdgOcct,IMPORTED,pseudocode,src/geometry/MdgOcct_recovered.cpp
108f88c8,6,MdgOcct::setVecuuids,MdgOcct,IMPORTED,pseudocode,src/geometry/MdgOcct_recovered.cpp
108f88ce,6,MdgOcct::getVecuuids,MdgOcct,IMPORTED,pseudocode,src/geometry/MdgOcct_recovered.cpp
108f88d4,6,MdgOcct::setPathuuids,MdgOcct,IMPORTED,pseudocode,src/geometry/MdgOcct_recovered.cpp
108f88da,6,MdgOcct::getPathuuids,MdgOcct,IMPORTED,pseudocode,src/geometry/MdgOcct_recovered.cpp
108f88e0,6,MdgOcct::setOcctShape3DData,MdgOcct,IMPORTED,pseudocode,src/geometry/MdgOcct_recovered.cpp
108f88e6,6,MdgOcct::getOcctShape3DData,MdgOcct,IMPORTED,pseudocode,src/geometry/MdgOcct_recovered.cpp
108f88ec,6,MdgOcct::setPathStartPnt,MdgOcct,IMPORTED,pseudocode,src/geometry/MdgOcct_recovered.cpp
108f88f2,6,MdgOcct::getPathStartPnt,MdgOcct,IMPORTED,pseudocode,src/geometry/MdgOcct_recovered.cpp
108f88f8,6,MdgOcct::setLsDepth,MdgOcct,IMPORTED,pseudocode,src/geometry/MdgOcct_recovered.cpp
108f88fe,6,MdgOcct::getLsDepth,MdgOcct,IMPORTED,pseudocode,src/geometry/MdgOcct_recovered.cpp
108f8904,6,MdgOcct::setLsWorkDepth,MdgOcct,IMPORTED,pseudocode,src/geometry/MdgOcct_recovered.cpp
108f890a,6,MdgOcct::getLsWorkDepth,MdgOcct,IMPORTED,pseudocode,src/geometry/MdgOcct_recovered.cpp
108f8910,6,MdgOcct::setBrokenDepth,MdgOcct,IMPORTED,pseudocode,src/geometry/MdgOcct_recovered.cpp
108f8916,6,MdgOcct::getBrokenDepth,MdgOcct,IMPORTED,pseudocode,src/geometry/MdgOcct_recovered.cpp
108f891c,6,MdgOcct::setBrokenDis,MdgOcct,IMPORTED,pseudocode,src/geometry/MdgOcct_recovered.cpp
108f8922,6,MdgOcct::getBrokenDis,MdgOcct,IMPORTED,pseudocode,src/geometry/MdgOcct_recovered.cpp
108f8928,6,MdgOcct::setIsThrough,MdgOcct,IMPORTED,pseudocode,src/geometry/MdgOcct_recovered.cpp
108f892e,6,MdgOcct::getIsThrough,MdgOcct,IMPORTED,pseudocode,src/geometry/MdgOcct_recovered.cpp
108f8934,6,MdgOcct::setThroughDis,MdgOcct,IMPORTED,pseudocode,src/geometry/MdgOcct_recovered.cpp
108f893a,6,MdgOcct::getThroughDis,MdgOcct,IMPORTED,pseudocode,src/geometry/MdgOcct_recovered.cpp
108f8940,6,MdgOcct::setLsChamferDepth,MdgOcct,IMPORTED,pseudocode,src/geometry/MdgOcct_recovered.cpp
108f8946,6,MdgOcct::getLsChamferDepth,MdgOcct,IMPORTED,pseudocode,src/geometry/MdgOcct_recovered.cpp
108f894c,6,MdgOcct::setLsWorkDatum,MdgOcct,IMPORTED,pseudocode,src/geometry/MdgOcct_recovered.cpp
108f8952,6,MdgOcct::getLsWorkDatum,MdgOcct,IMPORTED,pseudocode,src/geometry/MdgOcct_recovered.cpp
108f8958,6,MdgOcct::getClampsToolParams,MdgOcct,IMPORTED,pseudocode,src/geometry/MdgOcct_recovered.cpp
108f8964,6,MdgOcct::getBaseClassName,MdgOcct,IMPORTED,pseudocode,src/geometry/MdgOcct_recovered.cpp
108f896a,6,MdgOcct::getClassName,MdgOcct,IMPORTED,pseudocode,src/geometry/MdgOcct_recovered.cpp
108f8970,6,MdgOcct::load,MdgOcct,IMPORTED,pseudocode,src/geometry/MdgOcct_recovered.cpp
108f8976,6,MdgOcct::save,MdgOcct,IMPORTED,pseudocode,src/geometry/MdgOcct_recovered.cpp
