solid tap_M6
  facet normal -0.922129 -0.045301 0.384221
    outer loop
      vertex 3.000000 0.000000 7.200000
      vertex 2.985554 0.294051 7.200000
      vertex 0.000000 0.000000 0.000000
    endloop
  endfacet
  facet normal 0.000000 0.000000 -1.000000
    outer loop
      vertex 0.000000 0.000000 7.200000
      vertex 2.985554 0.294051 7.200000
      vertex 3.000000 0.000000 7.200000
    endloop
  endfacet
  facet normal -0.913249 -0.135468 0.384221
    outer loop
      vertex 2.985554 0.294051 7.200000
      vertex 2.942356 0.585271 7.200000
      vertex 0.000000 0.000000 0.000000
    endloop
  endfacet
  facet normal 0.000000 0.000000 -1.000000
    outer loop
      vertex 0.000000 0.000000 7.200000
      vertex 2.942356 0.585271 7.200000
      vertex 2.985554 0.294051 7.200000
    endloop
  endfacet
  facet normal -0.895573 -0.224329 0.384221
    outer loop
      vertex 2.942356 0.585271 7.200000
      vertex 2.870821 0.870854 7.200000
      vertex 0.000000 0.000000 0.000000
    endloop
  endfacet
  facet normal 0.000000 0.000000 -1.000000
    outer loop
      vertex 0.000000 0.000000 7.200000
      vertex 2.870821 0.870854 7.200000
      vertex 2.942356 0.585271 7.200000
    endloop
  endfacet
  facet normal -0.869272 -0.311031 0.384221
    outer loop
      vertex 2.870821 0.870854 7.200000
      vertex 2.771639 1.148050 7.200000
      vertex 0.000000 0.000000 0.000000
    endloop
  endfacet
  facet normal 0.000000 0.000000 -1.000000
    outer loop
      vertex 0.000000 0.000000 7.200000
      vertex 2.771639 1.148050 7.200000
      vertex 2.870821 0.870854 7.200000
    endloop
  endfacet
  facet normal -0.834600 -0.394737 0.384221
    outer loop
      vertex 2.771639 1.148050 7.200000
      vertex 2.645764 1.414190 7.200000
      vertex 0.000000 0.000000 0.000000
    endloop
  endfacet
  facet normal 0.000000 0.000000 -1.000000
    outer loop
      vertex 0.000000 0.000000 7.200000
      vertex 2.645764 1.414190 7.200000
      vertex 2.771639 1.148050 7.200000
    endloop
  endfacet
  facet normal -0.791891 -0.474641 0.384221
    outer loop
      vertex 2.645764 1.414190 7.200000
      vertex 2.494409 1.666711 7.200000
      vertex 0.000000 0.000000 0.000000
    endloop
  endfacet
  facet normal 0.000000 0.000000 -1.000000
    outer loop
      vertex 0.000000 0.000000 7.200000
      vertex 2.494409 1.666711 7.200000
      vertex 2.645764 1.414190 7.200000
    endloop
  endfacet
  facet normal -0.741554 -0.549974 0.384221
    outer loop
      vertex 2.494409 1.666711 7.200000
      vertex 2.319031 1.903180 7.200000
      vertex 0.000000 0.000000 0.000000
    endloop
  endfacet
  facet normal 0.000000 0.000000 -1.000000
    outer loop
      vertex 0.000000 0.000000 7.200000
      vertex 2.319031 1.903180 7.200000
      vertex 2.494409 1.666711 7.200000
    endloop
  endfacet
  facet normal -0.684077 -0.620011 0.384221
    outer loop
      vertex 2.319031 1.903180 7.200000
      vertex 2.121320 2.121320 7.200000
      vertex 0.000000 0.000000 0.000000
    endloop
  endfacet
  facet normal 0.000000 0.000000 -1.000000
    outer loop
      vertex 0.000000 0.000000 7.200000
      vertex 2.121320 2.121320 7.200000
      vertex 2.319031 1.903180 7.200000
    endloop
  endfacet
  facet normal -0.620011 -0.684077 0.384221
    outer loop
      vertex 2.121320 2.121320 7.200000
      vertex 1.903180 2.319031 7.200000
      vertex 0.000000 0.000000 0.000000
    endloop
  endfacet
  facet normal 0.000000 0.000000 -1.000000
    outer loop
      vertex 0.000000 0.000000 7.200000
      vertex 1.903180 2.319031 7.200000
      vertex 2.121320 2.121320 7.200000
    endloop
  endfacet
  facet normal -0.549974 -0.741554 0.384221
    outer loop
      vertex 1.903180 2.319031 7.200000
      vertex 1.666711 2.494409 7.200000
      vertex 0.000000 0.000000 0.000000
    endloop
  endfacet
  facet normal 0.000000 0.000000 -1.000000
    outer loop
      vertex 0.000000 0.000000 7.200000
      vertex 1.666711 2.494409 7.200000
      vertex 1.903180 2.319031 7.200000
    endloop
  endfacet
  facet normal -0.474641 -0.791891 0.384221
    outer loop
      vertex 1.666711 2.494409 7.200000
      vertex 1.414190 2.645764 7.200000
      vertex 0.000000 0.000000 0.000000
    endloop
  endfacet
  facet normal 0.000000 0.000000 -1.000000
    outer loop
      vertex 0.000000 0.000000 7.200000
      vertex 1.414190 2.645764 7.200000
      vertex 1.666711 2.494409 7.200000
    endloop
  endfacet
  facet normal -0.394737 -0.834600 0.384221
    outer loop
      vertex 1.414190 2.645764 7.200000
      vertex 1.148050 2.771639 7.200000
      vertex 0.000000 0.000000 0.000000
    endloop
  endfacet
  facet normal 0.000000 0.000000 -1.000000
    outer loop
      vertex 0.000000 0.000000 7.200000
      vertex 1.148050 2.771639 7.200000
      vertex 1.414190 2.645764 7.200000
    endloop
  endfacet
  facet normal -0.311031 -0.869272 0.384221
    outer loop
      vertex 1.148050 2.771639 7.200000
      vertex 0.870854 2.870821 7.200000
      vertex 0.000000 0.000000 0.000000
    endloop
  endfacet
  facet normal 0.000000 0.000000 -1.000000
    outer loop
      vertex 0.000000 0.000000 7.200000
      vertex 0.870854 2.870821 7.200000
      vertex 1.148050 2.771639 7.200000
    endloop
  endfacet
  facet normal -0.224329 -0.895573 0.384221
    outer loop
      vertex 0.870854 2.870821 7.200000
      vertex 0.585271 2.942356 7.200000
      vertex 0.000000 0.000000 0.000000
    endloop
  endfacet
  facet normal 0.000000 0.000000 -1.000000
    outer loop
      vertex 0.000000 0.000000 7.200000
      vertex 0.585271 2.942356 7.200000
      vertex 0.870854 2.870821 7.200000
    endloop
  endfacet
  facet normal -0.135468 -0.913249 0.384221
    outer loop
      vertex 0.585271 2.942356 7.200000
      vertex 0.294051 2.985554 7.200000
      vertex 0.000000 0.000000 0.000000
    endloop
  endfacet
  facet normal 0.000000 0.000000 -1.000000
    outer loop
      vertex 0.000000 0.000000 7.200000
      vertex 0.294051 2.985554 7.200000
      vertex 0.585271 2.942356 7.200000
    endloop
  endfacet
  facet normal -0.045301 -0.922129 0.384221
    outer loop
      vertex 0.294051 2.985554 7.200000
      vertex 0.000000 3.000000 7.200000
      vertex 0.000000 0.000000 0.000000
    endloop
  endfacet
  facet normal 0.000000 0.000000 -1.000000
    outer loop
      vertex 0.000000 0.000000 7.200000
      vertex 0.000000 3.000000 7.200000
      vertex 0.294051 2.985554 7.200000
    endloop
  endfacet
  facet normal 0.045301 -0.922129 0.384221
    outer loop
      vertex 0.000000 3.000000 7.200000
      vertex -0.294051 2.985554 7.200000
      vertex 0.000000 0.000000 0.000000
    endloop
  endfacet
  facet normal 0.000000 0.000000 -1.000000
    outer loop
      vertex 0.000000 0.000000 7.200000
      vertex -0.294051 2.985554 7.200000
      vertex 0.000000 3.000000 7.200000
    endloop
  endfacet
  facet normal 0.135468 -0.913249 0.384221
    outer loop
      vertex -0.294051 2.985554 7.200000
      vertex -0.585271 2.942356 7.200000
      vertex 0.000000 0.000000 0.000000
    endloop
  endfacet
  facet normal 0.000000 0.000000 -1.000000
    outer loop
      vertex 0.000000 0.000000 7.200000
      vertex -0.585271 2.942356 7.200000
      vertex -0.294051 2.985554 7.200000
    endloop
  endfacet
  facet normal 0.224329 -0.895573 0.384221
    outer loop
      vertex -0.585271 2.942356 7.200000
      vertex -0.870854 2.870821 7.200000
      vertex 0.000000 0.000000 0.000000
    endloop
  endfacet
  facet normal 0.000000 0.000000 -1.000000
    outer loop
      vertex 0.000000 0.000000 7.200000
      vertex -0.870854 2.870821 7.200000
      vertex -0.585271 2.942356 7.200000
    endloop
  endfacet
  facet normal 0.311031 -0.869272 0.384221
    outer loop
      vertex -0.870854 2.870821 7.200000
      vertex -1.148050 2.771639 7.200000
      vertex 0.000000 0.000000 0.000000
    endloop
  endfacet
  facet normal 0.000000 0.000000 -1.000000
    outer loop
      vertex 0.000000 0.000000 7.200000
      vertex -1.148050 2.771639 7.200000
      vertex -0.870854 2.870821 7.200000
    endloop
  endfacet
  facet normal 0.394737 -0.834600 0.384221
    outer loop
      vertex -1.148050 2.771639 7.200000
      vertex -1.414190 2.645764 7.200000
      vertex 0.000000 0.000000 0.000000
    endloop
  endfacet
  facet normal 0.000000 0.000000 -1.000000
    outer loop
      vertex 0.000000 0.000000 7.200000
      vertex -1.414190 2.645764 7.200000
      vertex -1.148050 2.771639 7.200000
    endloop
  endfacet
  facet normal 0.474641 -0.791891 0.384221
    outer loop
      vertex -1.414190 2.645764 7.200000
      vertex -1.666711 2.494409 7.200000
      vertex 0.000000 0.000000 0.000000
    endloop
  endfacet
  facet normal 0.000000 0.000000 -1.000000
    outer loop
      vertex 0.000000 0.000000 7.200000
      vertex -1.666711 2.494409 7.200000
      vertex -1.414190 2.645764 7.200000
    endloop
  endfacet
  facet normal 0.549974 -0.741554 0.384221
    outer loop
      vertex -1.666711 2.494409 7.200000
      vertex -1.903180 2.319031 7.200000
      vertex 0.000000 0.000000 0.000000
    endloop
  endfacet
  facet normal 0.000000 0.000000 -1.000000
    outer loop
      vertex 0.000000 0.000000 7.200000
      vertex -1.903180 2.319031 7.200000
      vertex -1.666711 2.494409 7.200000
    endloop
  endfacet
  facet normal 0.620011 -0.684077 0.384221
    outer loop
      vertex -1.903180 2.319031 7.200000
      vertex -2.121320 2.121320 7.200000
      vertex 0.000000 0.000000 0.000000
    endloop
  endfacet
  facet normal 0.000000 0.000000 -1.000000
    outer loop
      vertex 0.000000 0.000000 7.200000
      vertex -2.121320 2.121320 7.200000
      vertex -1.903180 2.319031 7.200000
    endloop
  endfacet
  facet normal 0.684077 -0.620011 0.384221
    outer loop
      vertex -2.121320 2.121320 7.200000
      vertex -2.319031 1.903180 7.200000
      vertex 0.000000 0.000000 0.000000
    endloop
  endfacet
  facet normal 0.000000 0.000000 -1.000000
    outer loop
      vertex 0.000000 0.000000 7.200000
      vertex -2.319031 1.903180 7.200000
      vertex -2.121320 2.121320 7.200000
    endloop
  endfacet
  facet normal 0.741554 -0.549974 0.384221
    outer loop
      vertex -2.319031 1.903180 7.200000
      vertex -2.494409 1.666711 7.200000
      vertex 0.000000 0.000000 0.000000
    endloop
  endfacet
  facet normal 0.000000 0.000000 -1.000000
    outer loop
      vertex 0.000000 0.000000 7.200000
      vertex -2.494409 1.666711 7.200000
      vertex -2.319031 1.903180 7.200000
    endloop
  endfacet
  facet normal 0.791891 -0.474641 0.384221
    outer loop
      vertex -2.494409 1.666711 7.200000
      vertex -2.645764 1.414190 7.200000
      vertex 0.000000 0.000000 0.000000
    endloop
  endfacet
  facet normal 0.000000 0.000000 -1.000000
    outer loop
      vertex 0.000000 0.000000 7.200000
      vertex -2.645764 1.414190 7.200000
      vertex -2.494409 1.666711 7.200000
    endloop
  endfacet
  facet normal 0.834600 -0.394737 0.384221
    outer loop
      vertex -2.645764 1.414190 7.200000
      vertex -2.771639 1.148050 7.200000
      vertex 0.000000 0.000000 0.000000
    endloop
  endfacet
  facet normal 0.000000 0.000000 -1.000000
    outer loop
      vertex 0.000000 0.000000 7.200000
      vertex -2.771639 1.148050 7.200000
      vertex -2.645764 1.414190 7.200000
    endloop
  endfacet
  facet normal 0.869272 -0.311031 0.384221
    outer loop
      vertex -2.771639 1.148050 7.200000
      vertex -2.870821 0.870854 7.200000
      vertex 0.000000 0.000000 0.000000
    endloop
  endfacet
  facet normal 0.000000 0.000000 -1.000000
    outer loop
      vertex 0.000000 0.000000 7.200000
      vertex -2.870821 0.870854 7.200000
      vertex -2.771639 1.148050 7.200000
    endloop
  endfacet
  facet normal 0.895573 -0.224329 0.384221
    outer loop
      vertex -2.870821 0.870854 7.200000
      vertex -2.942356 0.585271 7.200000
      vertex 0.000000 0.000000 0.000000
    endloop
  endfacet
  facet normal 0.000000 0.000000 -1.000000
    outer loop
      vertex 0.000000 0.000000 7.200000
      vertex -2.942356 0.585271 7.200000
      vertex -2.870821 0.870854 7.200000
    endloop
  endfacet
  facet normal 0.913249 -0.135468 0.384221
    outer loop
      vertex -2.942356 0.585271 7.200000
      vertex -2.985554 0.294051 7.200000
      vertex 0.000000 0.000000 0.000000
    endloop
  endfacet
  facet normal 0.000000 0.000000 -1.000000
    outer loop
      vertex 0.000000 0.000000 7.200000
      vertex -2.985554 0.294051 7.200000
      vertex -2.942356 0.585271 7.200000
    endloop
  endfacet
  facet normal 0.922129 -0.045301 0.384221
    outer loop
      vertex -2.985554 0.294051 7.200000
      vertex -3.000000 0.000000 7.200000
      vertex 0.000000 0.000000 0.000000
    endloop
  endfacet
  facet normal 0.000000 0.000000 -1.000000
    outer loop
      vertex 0.000000 0.000000 7.200000
      vertex -3.000000 0.000000 7.200000
      vertex -2.985554 0.294051 7.200000
    endloop
  endfacet
  facet normal 0.922129 0.045301 0.384221
    outer loop
      vertex -3.000000 0.000000 7.200000
      vertex -2.985554 -0.294051 7.200000
      vertex 0.000000 0.000000 0.000000
    endloop
  endfacet
  facet normal 0.000000 0.000000 -1.000000
    outer loop
      vertex 0.000000 0.000000 7.200000
      vertex -2.985554 -0.294051 7.200000
      vertex -3.000000 0.000000 7.200000
    endloop
  endfacet
  facet normal 0.913249 0.135468 0.384221
    outer loop
      vertex -2.985554 -0.294051 7.200000
      vertex -2.942356 -0.585271 7.200000
      vertex 0.000000 0.000000 0.000000
    endloop
  endfacet
  facet normal 0.000000 0.000000 -1.000000
    outer loop
      vertex 0.000000 0.000000 7.200000
      vertex -2.942356 -0.585271 7.200000
      vertex -2.985554 -0.294051 7.200000
    endloop
  endfacet
  facet normal 0.895573 0.224329 0.384221
    outer loop
      vertex -2.942356 -0.585271 7.200000
      vertex -2.870821 -0.870854 7.200000
      vertex 0.000000 0.000000 0.000000
    endloop
  endfacet
  facet normal 0.000000 0.000000 -1.000000
    outer loop
      vertex 0.000000 0.000000 7.200000
      vertex -2.870821 -0.870854 7.200000
      vertex -2.942356 -0.585271 7.200000
    endloop
  endfacet
  facet normal 0.869272 0.311031 0.384221
    outer loop
      vertex -2.870821 -0.870854 7.200000
      vertex -2.771639 -1.148050 7.200000
      vertex 0.000000 0.000000 0.000000
    endloop
  endfacet
  facet normal 0.000000 0.000000 -1.000000
    outer loop
      vertex 0.000000 0.000000 7.200000
      vertex -2.771639 -1.148050 7.200000
      vertex -2.870821 -0.870854 7.200000
    endloop
  endfacet
  facet normal 0.834600 0.394737 0.384221
    outer loop
      vertex -2.771639 -1.148050 7.200000
      vertex -2.645764 -1.414190 7.200000
      vertex 0.000000 0.000000 0.000000
    endloop
  endfacet
  facet normal 0.000000 0.000000 -1.000000
    outer loop
      vertex 0.000000 0.000000 7.200000
      vertex -2.645764 -1.414190 7.200000
      vertex -2.771639 -1.148050 7.200000
    endloop
  endfacet
  facet normal 0.791891 0.474641 0.384221
    outer loop
      vertex -2.645764 -1.414190 7.200000
      vertex -2.494409 -1.666711 7.200000
      vertex 0.000000 0.000000 0.000000
    endloop
  endfacet
  facet normal 0.000000 0.000000 -1.000000
    outer loop
      vertex 0.000000 0.000000 7.200000
      vertex -2.494409 -1.666711 7.200000
      vertex -2.645764 -1.414190 7.200000
    endloop
  endfacet
  facet normal 0.741554 0.549974 0.384221
    outer loop
      vertex -2.494409 -1.666711 7.200000
      vertex -2.319031 -1.903180 7.200000
      vertex 0.000000 0.000000 0.000000
    endloop
  endfacet
  facet normal 0.000000 0.000000 -1.000000
    outer loop
      vertex 0.000000 0.000000 7.200000
      vertex -2.319031 -1.903180 7.200000
      vertex -2.494409 -1.666711 7.200000
    endloop
  endfacet
  facet normal 0.684077 0.620011 0.384221
    outer loop
      vertex -2.319031 -1.903180 7.200000
      vertex -2.121320 -2.121320 7.200000
      vertex 0.000000 0.000000 0.000000
    endloop
  endfacet
  facet normal 0.000000 0.000000 -1.000000
    outer loop
      vertex 0.000000 0.000000 7.200000
      vertex -2.121320 -2.121320 7.200000
      vertex -2.319031 -1.903180 7.200000
    endloop
  endfacet
  facet normal 0.620011 0.684077 0.384221
    outer loop
      vertex -2.121320 -2.121320 7.200000
      vertex -1.903180 -2.319031 7.200000
      vertex 0.000000 0.000000 0.000000
    endloop
  endfacet
  facet normal 0.000000 0.000000 -1.000000
    outer loop
      vertex 0.000000 0.000000 7.200000
      vertex -1.903180 -2.319031 7.200000
      vertex -2.121320 -2.121320 7.200000
    endloop
  endfacet
  facet normal 0.549974 0.741554 0.384221
    outer loop
      vertex -1.903180 -2.319031 7.200000
      vertex -1.666711 -2.494409 7.200000
      vertex 0.000000 0.000000 0.000000
    endloop
  endfacet
  facet normal 0.000000 0.000000 -1.000000
    outer loop
      vertex 0.000000 0.000000 7.200000
      vertex -1.666711 -2.494409 7.200000
      vertex -1.903180 -2.319031 7.200000
    endloop
  endfacet
  facet normal 0.474641 0.791891 0.384221
    outer loop
      vertex -1.666711 -2.494409 7.200000
      vertex -1.414190 -2.645764 7.200000
      vertex 0.000000 0.000000 0.000000
    endloop
  endfacet
  facet normal 0.000000 0.000000 -1.000000
    outer loop
      vertex 0.000000 0.000000 7.200000
      vertex -1.414190 -2.645764 7.200000
      vertex -1.666711 -2.494409 7.200000
    endloop
  endfacet
  facet normal 0.394737 0.834600 0.384221
    outer loop
      vertex -1.414190 -2.645764 7.200000
      vertex -1.148050 -2.771639 7.200000
      vertex 0.000000 0.000000 0.000000
    endloop
  endfacet
  facet normal 0.000000 0.000000 -1.000000
    outer loop
      vertex 0.000000 0.000000 7.200000
      vertex -1.148050 -2.771639 7.200000
      vertex -1.414190 -2.645764 7.200000
    endloop
  endfacet
  facet normal 0.311031 0.869272 0.384221
    outer loop
      vertex -1.148050 -2.771639 7.200000
      vertex -0.870854 -2.870821 7.200000
      vertex 0.000000 0.000000 0.000000
    endloop
  endfacet
  facet normal 0.000000 0.000000 -1.000000
    outer loop
      vertex 0.000000 0.000000 7.200000
      vertex -0.870854 -2.870821 7.200000
      vertex -1.148050 -2.771639 7.200000
    endloop
  endfacet
  facet normal 0.224329 0.895573 0.384221
    outer loop
      vertex -0.870854 -2.870821 7.200000
      vertex -0.585271 -2.942356 7.200000
      vertex 0.000000 0.000000 0.000000
    endloop
  endfacet
  facet normal 0.000000 0.000000 -1.000000
    outer loop
      vertex 0.000000 0.000000 7.200000
      vertex -0.585271 -2.942356 7.200000
      vertex -0.870854 -2.870821 7.200000
    endloop
  endfacet
  facet normal 0.135468 0.913249 0.384221
    outer loop
      vertex -0.585271 -2.942356 7.200000
      vertex -0.294051 -2.985554 7.200000
      vertex 0.000000 0.000000 0.000000
    endloop
  endfacet
  facet normal 0.000000 0.000000 -1.000000
    outer loop
      vertex 0.000000 0.000000 7.200000
      vertex -0.294051 -2.985554 7.200000
      vertex -0.585271 -2.942356 7.200000
    endloop
  endfacet
  facet normal 0.045301 0.922129 0.384221
    outer loop
      vertex -0.294051 -2.985554 7.200000
      vertex -0.000000 -3.000000 7.200000
      vertex 0.000000 0.000000 0.000000
    endloop
  endfacet
  facet normal 0.000000 0.000000 -1.000000
    outer loop
      vertex 0.000000 0.000000 7.200000
      vertex -0.000000 -3.000000 7.200000
      vertex -0.294051 -2.985554 7.200000
    endloop
  endfacet
  facet normal -0.045301 0.922129 0.384221
    outer loop
      vertex -0.000000 -3.000000 7.200000
      vertex 0.294051 -2.985554 7.200000
      vertex 0.000000 0.000000 0.000000
    endloop
  endfacet
  facet normal 0.000000 0.000000 -1.000000
    outer loop
      vertex 0.000000 0.000000 7.200000
      vertex 0.294051 -2.985554 7.200000
      vertex -0.000000 -3.000000 7.200000
    endloop
  endfacet
  facet normal -0.135468 0.913249 0.384221
    outer loop
      vertex 0.294051 -2.985554 7.200000
      vertex 0.585271 -2.942356 7.200000
      vertex 0.000000 0.000000 0.000000
    endloop
  endfacet
  facet normal 0.000000 0.000000 -1.000000
    outer loop
      vertex 0.000000 0.000000 7.200000
      vertex 0.585271 -2.942356 7.200000
      vertex 0.294051 -2.985554 7.200000
    endloop
  endfacet
  facet normal -0.224329 0.895573 0.384221
    outer loop
      vertex 0.585271 -2.942356 7.200000
      vertex 0.870854 -2.870821 7.200000
      vertex 0.000000 0.000000 0.000000
    endloop
  endfacet
  facet normal 0.000000 0.000000 -1.000000
    outer loop
      vertex 0.000000 0.000000 7.200000
      vertex 0.870854 -2.870821 7.200000
      vertex 0.585271 -2.942356 7.200000
    endloop
  endfacet
  facet normal -0.311031 0.869272 0.384221
    outer loop
      vertex 0.870854 -2.870821 7.200000
      vertex 1.148050 -2.771639 7.200000
      vertex 0.000000 0.000000 0.000000
    endloop
  endfacet
  facet normal 0.000000 0.000000 -1.000000
    outer loop
      vertex 0.000000 0.000000 7.200000
      vertex 1.148050 -2.771639 7.200000
      vertex 0.870854 -2.870821 7.200000
    endloop
  endfacet
  facet normal -0.394737 0.834600 0.384221
    outer loop
      vertex 1.148050 -2.771639 7.200000
      vertex 1.414190 -2.645764 7.200000
      vertex 0.000000 0.000000 0.000000
    endloop
  endfacet
  facet normal 0.000000 0.000000 -1.000000
    outer loop
      vertex 0.000000 0.000000 7.200000
      vertex 1.414190 -2.645764 7.200000
      vertex 1.148050 -2.771639 7.200000
    endloop
  endfacet
  facet normal -0.474641 0.791891 0.384221
    outer loop
      vertex 1.414190 -2.645764 7.200000
      vertex 1.666711 -2.494409 7.200000
      vertex 0.000000 0.000000 0.000000
    endloop
  endfacet
  facet normal 0.000000 0.000000 -1.000000
    outer loop
      vertex 0.000000 0.000000 7.200000
      vertex 1.666711 -2.494409 7.200000
      vertex 1.414190 -2.645764 7.200000
    endloop
  endfacet
  facet normal -0.549974 0.741554 0.384221
    outer loop
      vertex 1.666711 -2.494409 7.200000
      vertex 1.903180 -2.319031 7.200000
      vertex 0.000000 0.000000 0.000000
    endloop
  endfacet
  facet normal 0.000000 0.000000 -1.000000
    outer loop
      vertex 0.000000 0.000000 7.200000
      vertex 1.903180 -2.319031 7.200000
      vertex 1.666711 -2.494409 7.200000
    endloop
  endfacet
  facet normal -0.620011 0.684077 0.384221
    outer loop
      vertex 1.903180 -2.319031 7.200000
      vertex 2.121320 -2.121320 7.200000
      vertex 0.000000 0.000000 0.000000
    endloop
  endfacet
  facet normal 0.000000 0.000000 -1.000000
    outer loop
      vertex 0.000000 0.000000 7.200000
      vertex 2.121320 -2.121320 7.200000
      vertex 1.903180 -2.319031 7.200000
    endloop
  endfacet
  facet normal -0.684077 0.620011 0.384221
    outer loop
      vertex 2.121320 -2.121320 7.200000
      vertex 2.319031 -1.903180 7.200000
      vertex 0.000000 0.000000 0.000000
    endloop
  endfacet
  facet normal 0.000000 0.000000 -1.000000
    outer loop
      vertex 0.000000 0.000000 7.200000
      vertex 2.319031 -1.903180 7.200000
      vertex 2.121320 -2.121320 7.200000
    endloop
  endfacet
  facet normal -0.741554 0.549974 0.384221
    outer loop
      vertex 2.319031 -1.903180 7.200000
      vertex 2.494409 -1.666711 7.200000
      vertex 0.000000 0.000000 0.000000
    endloop
  endfacet
  facet normal 0.000000 0.000000 -1.000000
    outer loop
      vertex 0.000000 0.000000 7.200000
      vertex 2.494409 -1.666711 7.200000
      vertex 2.319031 -1.903180 7.200000
    endloop
  endfacet
  facet normal -0.791891 0.474641 0.384221
    outer loop
      vertex 2.494409 -1.666711 7.200000
      vertex 2.645764 -1.414190 7.200000
      vertex 0.000000 0.000000 0.000000
    endloop
  endfacet
  facet normal 0.000000 0.000000 -1.000000
    outer loop
      vertex 0.000000 0.000000 7.200000
      vertex 2.645764 -1.414190 7.200000
      vertex 2.494409 -1.666711 7.200000
    endloop
  endfacet
  facet normal -0.834600 0.394737 0.384221
    outer loop
      vertex 2.645764 -1.414190 7.200000
      vertex 2.771639 -1.148050 7.200000
      vertex 0.000000 0.000000 0.000000
    endloop
  endfacet
  facet normal 0.000000 0.000000 -1.000000
    outer loop
      vertex 0.000000 0.000000 7.200000
      vertex 2.771639 -1.148050 7.200000
      vertex 2.645764 -1.414190 7.200000
    endloop
  endfacet
  facet normal -0.869272 0.311031 0.384221
    outer loop
      vertex 2.771639 -1.148050 7.200000
      vertex 2.870821 -0.870854 7.200000
      vertex 0.000000 0.000000 0.000000
    endloop
  endfacet
  facet normal 0.000000 0.000000 -1.000000
    outer loop
      vertex 0.000000 0.000000 7.200000
      vertex 2.870821 -0.870854 7.200000
      vertex 2.771639 -1.148050 7.200000
    endloop
  endfacet
  facet normal -0.895573 0.224329 0.384221
    outer loop
      vertex 2.870821 -0.870854 7.200000
      vertex 2.942356 -0.585271 7.200000
      vertex 0.000000 0.000000 0.000000
    endloop
  endfacet
  facet normal 0.000000 0.000000 -1.000000
    outer loop
      vertex 0.000000 0.000000 7.200000
      vertex 2.942356 -0.585271 7.200000
      vertex 2.870821 -0.870854 7.200000
    endloop
  endfacet
  facet normal -0.913249 0.135468 0.384221
    outer loop
      vertex 2.942356 -0.585271 7.200000
      vertex 2.985554 -0.294051 7.200000
      vertex 0.000000 0.000000 0.000000
    endloop
  endfacet
  facet normal 0.000000 0.000000 -1.000000
    outer loop
      vertex 0.000000 0.000000 7.200000
      vertex 2.985554 -0.294051 7.200000
      vertex 2.942356 -0.585271 7.200000
    endloop
  endfacet
  facet normal -0.922129 0.045301 0.384221
    outer loop
      vertex 2.985554 -0.294051 7.200000
      vertex 3.000000 0.000000 7.200000
      vertex 0.000000 0.000000 0.000000
    endloop
  endfacet
  facet normal 0.000000 0.000000 -1.000000
    outer loop
      vertex 0.000000 0.000000 7.200000
      vertex 3.000000 0.000000 7.200000
      vertex 2.985554 -0.294051 7.200000
    endloop
  endfacet
  facet normal 0.985761 0.168150 -0.000448
    outer loop
      vertex 2.962366 0.000000 7.200000
      vertex 2.913419 0.286947 7.200000
      vertex 2.928960 0.288477 42.000000
    endloop
  endfacet
  facet normal 0.999915 -0.012992 0.001068
    outer loop
      vertex 2.962366 0.000000 7.200000
      vertex 2.928960 0.288477 42.000000
      vertex 2.925212 0.000000 42.000000
    endloop
  endfacet
  facet normal 0.000000 0.000000 1.000000
    outer loop
      vertex 0.000000 0.000000 7.200000
      vertex 2.962366 0.000000 7.200000
      vertex 2.913419 0.286947 7.200000
    endloop
  endfacet
  facet normal 0.000000 0.000000 -1.000000
    outer loop
      vertex 0.000000 0.000000 42.000000
      vertex 2.928960 0.288477 42.000000
      vertex 2.925212 0.000000 42.000000
    endloop
  endfacet
  facet normal 0.992706 0.120551 -0.001697
    outer loop
      vertex 2.913419 0.286947 7.200000
      vertex 2.878728 0.572615 7.200000
      vertex 2.936829 0.584172 42.000000
    endloop
  endfacet
  facet normal 0.999646 -0.026601 -0.000445
    outer loop
      vertex 2.913419 0.286947 7.200000
      vertex 2.936829 0.584172 42.000000
      vertex 2.928960 0.288477 42.000000
    endloop
  endfacet
  facet normal 0.000000 0.000000 1.000000
    outer loop
      vertex 0.000000 0.000000 7.200000
      vertex 2.913419 0.286947 7.200000
      vertex 2.878728 0.572615 7.200000
    endloop
  endfacet
  facet normal 0.000000 0.000000 -1.000000
    outer loop
      vertex 0.000000 0.000000 42.000000
      vertex 2.936829 0.584172 42.000000
      vertex 2.928960 0.288477 42.000000
    endloop
  endfacet
  facet normal 0.995972 0.089641 -0.001918
    outer loop
      vertex 2.878728 0.572615 7.200000
      vertex 2.852389 0.865263 7.200000
      vertex 2.917614 0.885048 42.000000
    endloop
  endfacet
  facet normal 0.997966 0.063734 -0.001687
    outer loop
      vertex 2.878728 0.572615 7.200000
      vertex 2.917614 0.885048 42.000000
      vertex 2.936829 0.584172 42.000000
    endloop
  endfacet
  facet normal 0.000000 0.000000 1.000000
    outer loop
      vertex 0.000000 0.000000 7.200000
      vertex 2.878728 0.572615 7.200000
      vertex 2.852389 0.865263 7.200000
    endloop
  endfacet
  facet normal 0.000000 0.000000 -1.000000
    outer loop
      vertex 0.000000 0.000000 42.000000
      vertex 2.917614 0.885048 42.000000
      vertex 2.936829 0.584172 42.000000
    endloop
  endfacet
  facet normal 0.988241 0.152899 -0.001037
    outer loop
      vertex 2.852389 0.865263 7.200000
      vertex 2.806408 1.162452 7.200000
      vertex 2.840734 1.176670 42.000000
    endloop
  endfacet
  facet normal 0.966960 0.254919 -0.001957
    outer loop
      vertex 2.852389 0.865263 7.200000
      vertex 2.840734 1.176670 42.000000
      vertex 2.917614 0.885048 42.000000
    endloop
  endfacet
  facet normal 0.000000 0.000000 1.000000
    outer loop
      vertex 0.000000 0.000000 7.200000
      vertex 2.852389 0.865263 7.200000
      vertex 2.806408 1.162452 7.200000
    endloop
  endfacet
  facet normal 0.000000 0.000000 -1.000000
    outer loop
      vertex 0.000000 0.000000 42.000000
      vertex 2.840734 1.176670 42.000000
      vertex 2.917614 0.885048 42.000000
    endloop
  endfacet
  facet normal 0.947266 0.320448 0.000443
    outer loop
      vertex 2.806408 1.162452 7.200000
      vertex 2.709689 1.448359 7.200000
      vertex 2.695917 1.440998 42.000000
    endloop
  endfacet
  facet normal 0.877003 0.480484 -0.001061
    outer loop
      vertex 2.806408 1.162452 7.200000
      vertex 2.695917 1.440998 42.000000
      vertex 2.840734 1.176670 42.000000
    endloop
  endfacet
  facet normal 0.000000 0.000000 1.000000
    outer loop
      vertex 0.000000 0.000000 7.200000
      vertex 2.806408 1.162452 7.200000
      vertex 2.709689 1.448359 7.200000
    endloop
  endfacet
  facet normal 0.000000 0.000000 -1.000000
    outer loop
      vertex 0.000000 0.000000 42.000000
      vertex 2.695917 1.440998 42.000000
      vertex 2.840734 1.176670 42.000000
    endloop
  endfacet
  facet normal 0.844482 0.535581 0.001702
    outer loop
      vertex 2.709689 1.448359 7.200000
      vertex 2.548350 1.702753 7.200000
      vertex 2.499094 1.669841 42.000000
    endloop
  endfacet
  facet normal 0.758158 0.652071 0.000438
    outer loop
      vertex 2.709689 1.448359 7.200000
      vertex 2.499094 1.669841 42.000000
      vertex 2.695917 1.440998 42.000000
    endloop
  endfacet
  facet normal 0.000000 0.000000 1.000000
    outer loop
      vertex 0.000000 0.000000 7.200000
      vertex 2.709689 1.448359 7.200000
      vertex 2.548350 1.702753 7.200000
    endloop
  endfacet
  facet normal 0.000000 0.000000 -1.000000
    outer loop
      vertex 0.000000 0.000000 42.000000
      vertex 2.499094 1.669841 42.000000
      vertex 2.695917 1.440998 42.000000
    endloop
  endfacet
  facet normal 0.704148 0.710051 0.001948
    outer loop
      vertex 2.548350 1.702753 7.200000
      vertex 2.333921 1.915399 7.200000
      vertex 2.281232 1.872159 42.000000
    endloop
  endfacet
  facet normal 0.680481 0.732764 0.001656
    outer loop
      vertex 2.548350 1.702753 7.200000
      vertex 2.281232 1.872159 42.000000
      vertex 2.499094 1.669841 42.000000
    endloop
  endfacet
  facet normal 0.000000 0.000000 1.000000
    outer loop
      vertex 0.000000 0.000000 7.200000
      vertex 2.548350 1.702753 7.200000
      vertex 2.333921 1.915399 7.200000
    endloop
  endfacet
  facet normal 0.000000 0.000000 -1.000000
    outer loop
      vertex 0.000000 0.000000 42.000000
      vertex 2.281232 1.872159 42.000000
      vertex 2.499094 1.669841 42.000000
    endloop
  endfacet
  facet normal 0.599787 0.800159 0.001057
    outer loop
      vertex 2.333921 1.915399 7.200000
      vertex 2.094709 2.094709 7.200000
      vertex 2.068437 2.068437 42.000000
    endloop
  endfacet
  facet normal 0.678003 0.735057 0.001940
    outer loop
      vertex 2.333921 1.915399 7.200000
      vertex 2.068437 2.068437 42.000000
      vertex 2.281232 1.872159 42.000000
    endloop
  endfacet
  facet normal 0.000000 0.000000 1.000000
    outer loop
      vertex 0.000000 0.000000 7.200000
      vertex 2.333921 1.915399 7.200000
      vertex 2.094709 2.094709 7.200000
    endloop
  endfacet
  facet normal 0.000000 0.000000 -1.000000
    outer loop
      vertex 0.000000 0.000000 42.000000
      vertex 2.068437 2.068437 42.000000
      vertex 2.281232 1.872159 42.000000
    endloop
  endfacet
  facet normal 0.578139 0.815938 -0.000448
    outer loop
      vertex 2.094709 2.094709 7.200000
      vertex 1.857196 2.263000 7.200000
      vertex 1.867103 2.275072 42.000000
    endloop
  endfacet
  facet normal 0.716233 0.697860 0.001068
    outer loop
      vertex 2.094709 2.094709 7.200000
      vertex 1.867103 2.275072 42.000000
      vertex 2.068437 2.068437 42.000000
    endloop
  endfacet
  facet normal 0.000000 0.000000 1.000000
    outer loop
      vertex 0.000000 0.000000 7.200000
      vertex 2.094709 2.094709 7.200000
      vertex 1.857196 2.263000 7.200000
    endloop
  endfacet
  facet normal 0.000000 0.000000 -1.000000
    outer loop
      vertex 0.000000 0.000000 42.000000
      vertex 1.867103 2.275072 42.000000
      vertex 2.068437 2.068437 42.000000
    endloop
  endfacet
  facet normal 0.616706 0.787191 -0.001697
    outer loop
      vertex 1.857196 2.263000 7.200000
      vertex 1.630669 2.440468 7.200000
      vertex 1.663580 2.489723 42.000000
    endloop
  endfacet
  facet normal 0.725667 0.688046 -0.000445
    outer loop
      vertex 1.857196 2.263000 7.200000
      vertex 1.663580 2.489723 42.000000
      vertex 1.867103 2.275072 42.000000
    endloop
  endfacet
  facet normal 0.000000 0.000000 1.000000
    outer loop
      vertex 0.000000 0.000000 7.200000
      vertex 1.857196 2.263000 7.200000
      vertex 1.630669 2.440468 7.200000
    endloop
  endfacet
  facet normal 0.000000 0.000000 -1.000000
    outer loop
      vertex 0.000000 0.000000 42.000000
      vertex 1.663580 2.489723 42.000000
      vertex 1.867103 2.275072 42.000000
    endloop
  endfacet
  facet normal 0.640873 0.767645 -0.001918
    outer loop
      vertex 1.630669 2.440468 7.200000
      vertex 1.405110 2.628777 7.200000
      vertex 1.437241 2.688888 42.000000
    endloop
  endfacet
  facet normal 0.660602 0.750735 -0.001687
    outer loop
      vertex 1.630669 2.440468 7.200000
      vertex 1.437241 2.688888 42.000000
      vertex 1.663580 2.489723 42.000000
    endloop
  endfacet
  facet normal 0.000000 0.000000 1.000000
    outer loop
      vertex 0.000000 0.000000 7.200000
      vertex 1.630669 2.440468 7.200000
      vertex 1.405110 2.628777 7.200000
    endloop
  endfacet
  facet normal 0.000000 0.000000 -1.000000
    outer loop
      vertex 0.000000 0.000000 42.000000
      vertex 1.437241 2.688888 42.000000
      vertex 1.663580 2.489723 42.000000
    endloop
  endfacet
  facet normal 0.590676 0.806908 -0.001037
    outer loop
      vertex 1.405110 2.628777 7.200000
      vertex 1.162452 2.806408 7.200000
      vertex 1.176670 2.840734 42.000000
    endloop
  endfacet
  facet normal 0.503489 0.863999 -0.001957
    outer loop
      vertex 1.405110 2.628777 7.200000
      vertex 1.176670 2.840734 42.000000
      vertex 1.437241 2.688888 42.000000
    endloop
  endfacet
  facet normal 0.000000 0.000000 1.000000
    outer loop
      vertex 0.000000 0.000000 7.200000
      vertex 1.405110 2.628777 7.200000
      vertex 1.162452 2.806408 7.200000
    endloop
  endfacet
  facet normal 0.000000 0.000000 -1.000000
    outer loop
      vertex 0.000000 0.000000 42.000000
      vertex 1.176670 2.840734 42.000000
      vertex 1.437241 2.688888 42.000000
    endloop
  endfacet
  facet normal 0.443227 0.896409 0.000443
    outer loop
      vertex 1.162452 2.806408 7.200000
      vertex 0.891895 2.940184 7.200000
      vertex 0.887362 2.925240 42.000000
    endloop
  endfacet
  facet normal 0.280381 0.959888 -0.001061
    outer loop
      vertex 1.162452 2.806408 7.200000
      vertex 0.887362 2.925240 42.000000
      vertex 1.176670 2.840734 42.000000
    endloop
  endfacet
  facet normal 0.000000 0.000000 1.000000
    outer loop
      vertex 0.000000 0.000000 7.200000
      vertex 1.162452 2.806408 7.200000
      vertex 0.891895 2.940184 7.200000
    endloop
  endfacet
  facet normal 0.000000 0.000000 -1.000000
    outer loop
      vertex 0.000000 0.000000 42.000000
      vertex 0.887362 2.925240 42.000000
      vertex 1.176670 2.840734 42.000000
    endloop
  endfacet
  facet normal 0.218426 0.975852 0.001702
    outer loop
      vertex 0.891895 2.940184 7.200000
      vertex 0.597927 3.005984 7.200000
      vertex 0.586370 2.947883 42.000000
    endloop
  endfacet
  facet normal 0.075015 0.997182 0.000438
    outer loop
      vertex 0.891895 2.940184 7.200000
      vertex 0.586370 2.947883 42.000000
      vertex 0.887362 2.925240 42.000000
    endloop
  endfacet
  facet normal 0.000000 0.000000 1.000000
    outer loop
      vertex 0.000000 0.000000 7.200000
      vertex 0.891895 2.940184 7.200000
      vertex 0.597927 3.005984 7.200000
    endloop
  endfacet
  facet normal 0.000000 0.000000 -1.000000
    outer loop
      vertex 0.000000 0.000000 42.000000
      vertex 0.586370 2.947883 42.000000
      vertex 0.887362 2.925240 42.000000
    endloop
  endfacet
  facet normal -0.004174 0.999989 0.001948
    outer loop
      vertex 0.597927 3.005984 7.200000
      vertex 0.295939 3.004723 7.200000
      vertex 0.289259 2.936891 42.000000
    endloop
  endfacet
  facet normal -0.036969 0.999315 0.001656
    outer loop
      vertex 0.597927 3.005984 7.200000
      vertex 0.289259 2.936891 42.000000
      vertex 0.586370 2.947883 42.000000
    endloop
  endfacet
  facet normal 0.000000 0.000000 1.000000
    outer loop
      vertex 0.000000 0.000000 7.200000
      vertex 0.597927 3.005984 7.200000
      vertex 0.295939 3.004723 7.200000
    endloop
  endfacet
  facet normal 0.000000 0.000000 -1.000000
    outer loop
      vertex 0.000000 0.000000 42.000000
      vertex 0.289259 2.936891 42.000000
      vertex 0.586370 2.947883 42.000000
    endloop
  endfacet
  facet normal -0.141684 0.989911 0.001057
    outer loop
      vertex 0.295939 3.004723 7.200000
      vertex 0.000000 2.962366 7.200000
      vertex 0.000000 2.925212 42.000000
    endloop
  endfacet
  facet normal -0.040343 0.999184 0.001940
    outer loop
      vertex 0.295939 3.004723 7.200000
      vertex 0.000000 2.925212 42.000000
      vertex 0.289259 2.936891 42.000000
    endloop
  endfacet
  facet normal 0.000000 0.000000 1.000000
    outer loop
      vertex 0.000000 0.000000 7.200000
      vertex 0.295939 3.004723 7.200000
      vertex 0.000000 2.962366 7.200000
    endloop
  endfacet
  facet normal 0.000000 0.000000 -1.000000
    outer loop
      vertex 0.000000 0.000000 42.000000
      vertex 0.000000 2.925212 42.000000
      vertex 0.289259 2.936891 42.000000
    endloop
  endfacet
  facet normal -0.168150 0.985761 -0.000448
    outer loop
      vertex 0.000000 2.962366 7.200000
      vertex -0.286947 2.913419 7.200000
      vertex -0.288477 2.928960 42.000000
    endloop
  endfacet
  facet normal 0.012992 0.999915 0.001068
    outer loop
      vertex 0.000000 2.962366 7.200000
      vertex -0.288477 2.928960 42.000000
      vertex 0.000000 2.925212 42.000000
    endloop
  endfacet
  facet normal 0.000000 0.000000 1.000000
    outer loop
      vertex 0.000000 0.000000 7.200000
      vertex 0.000000 2.962366 7.200000
      vertex -0.286947 2.913419 7.200000
    endloop
  endfacet
  facet normal 0.000000 0.000000 -1.000000
    outer loop
      vertex 0.000000 0.000000 42.000000
      vertex -0.288477 2.928960 42.000000
      vertex 0.000000 2.925212 42.000000
    endloop
  endfacet
  facet normal -0.120551 0.992706 -0.001697
    outer loop
      vertex -0.286947 2.913419 7.200000
      vertex -0.572615 2.878728 7.200000
      vertex -0.584172 2.936829 42.000000
    endloop
  endfacet
  facet normal 0.026601 0.999646 -0.000445
    outer loop
      vertex -0.286947 2.913419 7.200000
      vertex -0.584172 2.936829 42.000000
      vertex -0.288477 2.928960 42.000000
    endloop
  endfacet
  facet normal 0.000000 0.000000 1.000000
    outer loop
      vertex 0.000000 0.000000 7.200000
      vertex -0.286947 2.913419 7.200000
      vertex -0.572615 2.878728 7.200000
    endloop
  endfacet
  facet normal 0.000000 0.000000 -1.000000
    outer loop
      vertex 0.000000 0.000000 42.000000
      vertex -0.584172 2.936829 42.000000
      vertex -0.288477 2.928960 42.000000
    endloop
  endfacet
  facet normal -0.089641 0.995972 -0.001918
    outer loop
      vertex -0.572615 2.878728 7.200000
      vertex -0.865263 2.852389 7.200000
      vertex -0.885048 2.917614 42.000000
    endloop
  endfacet
  facet normal -0.063734 0.997966 -0.001687
    outer loop
      vertex -0.572615 2.878728 7.200000
      vertex -0.885048 2.917614 42.000000
      vertex -0.584172 2.936829 42.000000
    endloop
  endfacet
  facet normal 0.000000 0.000000 1.000000
    outer loop
      vertex 0.000000 0.000000 7.200000
      vertex -0.572615 2.878728 7.200000
      vertex -0.865263 2.852389 7.200000
    endloop
  endfacet
  facet normal 0.000000 0.000000 -1.000000
    outer loop
      vertex 0.000000 0.000000 42.000000
      vertex -0.885048 2.917614 42.000000
      vertex -0.584172 2.936829 42.000000
    endloop
  endfacet
  facet normal -0.152899 0.988241 -0.001037
    outer loop
      vertex -0.865263 2.852389 7.200000
      vertex -1.162452 2.806408 7.200000
      vertex -1.176670 2.840734 42.000000
    endloop
  endfacet
  facet normal -0.254919 0.966960 -0.001957
    outer loop
      vertex -0.865263 2.852389 7.200000
      vertex -1.176670 2.840734 42.000000
      vertex -0.885048 2.917614 42.000000
    endloop
  endfacet
  facet normal 0.000000 0.000000 1.000000
    outer loop
      vertex 0.000000 0.000000 7.200000
      vertex -0.865263 2.852389 7.200000
      vertex -1.162452 2.806408 7.200000
    endloop
  endfacet
  facet normal 0.000000 0.000000 -1.000000
    outer loop
      vertex 0.000000 0.000000 42.000000
      vertex -1.176670 2.840734 42.000000
      vertex -0.885048 2.917614 42.000000
    endloop
  endfacet
  facet normal -0.320448 0.947266 0.000443
    outer loop
      vertex -1.162452 2.806408 7.200000
      vertex -1.448359 2.709689 7.200000
      vertex -1.440998 2.695917 42.000000
    endloop
  endfacet
  facet normal -0.480484 0.877003 -0.001061
    outer loop
      vertex -1.162452 2.806408 7.200000
      vertex -1.440998 2.695917 42.000000
      vertex -1.176670 2.840734 42.000000
    endloop
  endfacet
  facet normal 0.000000 0.000000 1.000000
    outer loop
      vertex 0.000000 0.000000 7.200000
      vertex -1.162452 2.806408 7.200000
      vertex -1.448359 2.709689 7.200000
    endloop
  endfacet
  facet normal 0.000000 0.000000 -1.000000
    outer loop
      vertex 0.000000 0.000000 42.000000
      vertex -1.440998 2.695917 42.000000
      vertex -1.176670 2.840734 42.000000
    endloop
  endfacet
  facet normal -0.535581 0.844482 0.001702
    outer loop
      vertex -1.448359 2.709689 7.200000
      vertex -1.702753 2.548350 7.200000
      vertex -1.669841 2.499094 42.000000
    endloop
  endfacet
  facet normal -0.652071 0.758158 0.000438
    outer loop
      vertex -1.448359 2.709689 7.200000
      vertex -1.669841 2.499094 42.000000
      vertex -1.440998 2.695917 42.000000
    endloop
  endfacet
  facet normal 0.000000 0.000000 1.000000
    outer loop
      vertex 0.000000 0.000000 7.200000
      vertex -1.448359 2.709689 7.200000
      vertex -1.702753 2.548350 7.200000
    endloop
  endfacet
  facet normal 0.000000 0.000000 -1.000000
    outer loop
      vertex 0.000000 0.000000 42.000000
      vertex -1.669841 2.499094 42.000000
      vertex -1.440998 2.695917 42.000000
    endloop
  endfacet
  facet normal -0.710051 0.704148 0.001948
    outer loop
      vertex -1.702753 2.548350 7.200000
      vertex -1.915399 2.333921 7.200000
      vertex -1.872159 2.281232 42.000000
    endloop
  endfacet
  facet normal -0.732764 0.680481 0.001656
    outer loop
      vertex -1.702753 2.548350 7.200000
      vertex -1.872159 2.281232 42.000000
      vertex -1.669841 2.499094 42.000000
    endloop
  endfacet
  facet normal 0.000000 0.000000 1.000000
    outer loop
      vertex 0.000000 0.000000 7.200000
      vertex -1.702753 2.548350 7.200000
      vertex -1.915399 2.333921 7.200000
    endloop
  endfacet
  facet normal 0.000000 0.000000 -1.000000
    outer loop
      vertex 0.000000 0.000000 42.000000
      vertex -1.872159 2.281232 42.000000
      vertex -1.669841 2.499094 42.000000
    endloop
  endfacet
  facet normal -0.800159 0.599787 0.001057
    outer loop
      vertex -1.915399 2.333921 7.200000
      vertex -2.094709 2.094709 7.200000
      vertex -2.068437 2.068437 42.000000
    endloop
  endfacet
  facet normal -0.735057 0.678003 0.001940
    outer loop
      vertex -1.915399 2.333921 7.200000
      vertex -2.068437 2.068437 42.000000
      vertex -1.872159 2.281232 42.000000
    endloop
  endfacet
  facet normal 0.000000 0.000000 1.000000
    outer loop
      vertex 0.000000 0.000000 7.200000
      vertex -1.915399 2.333921 7.200000
      vertex -2.094709 2.094709 7.200000
    endloop
  endfacet
  facet normal 0.000000 0.000000 -1.000000
    outer loop
      vertex 0.000000 0.000000 42.000000
      vertex -2.068437 2.068437 42.000000
      vertex -1.872159 2.281232 42.000000
    endloop
  endfacet
  facet normal -0.815938 0.578139 -0.000448
    outer loop
      vertex -2.094709 2.094709 7.200000
      vertex -2.263000 1.857196 7.200000
      vertex -2.275072 1.867103 42.000000
    endloop
  endfacet
  facet normal -0.697860 0.716233 0.001068
    outer loop
      vertex -2.094709 2.094709 7.200000
      vertex -2.275072 1.867103 42.000000
      vertex -2.068437 2.068437 42.000000
    endloop
  endfacet
  facet normal 0.000000 0.000000 1.000000
    outer loop
      vertex 0.000000 0.000000 7.200000
      vertex -2.094709 2.094709 7.200000
      vertex -2.263000 1.857196 7.200000
    endloop
  endfacet
  facet normal 0.000000 0.000000 -1.000000
    outer loop
      vertex 0.000000 0.000000 42.000000
      vertex -2.275072 1.867103 42.000000
      vertex -2.068437 2.068437 42.000000
    endloop
  endfacet
  facet normal -0.787191 0.616706 -0.001697
    outer loop
      vertex -2.263000 1.857196 7.200000
      vertex -2.440468 1.630669 7.200000
      vertex -2.489723 1.663580 42.000000
    endloop
  endfacet
  facet normal -0.688046 0.725667 -0.000445
    outer loop
      vertex -2.263000 1.857196 7.200000
      vertex -2.489723 1.663580 42.000000
      vertex -2.275072 1.867103 42.000000
    endloop
  endfacet
  facet normal 0.000000 0.000000 1.000000
    outer loop
      vertex 0.000000 0.000000 7.200000
      vertex -2.263000 1.857196 7.200000
      vertex -2.440468 1.630669 7.200000
    endloop
  endfacet
  facet normal 0.000000 0.000000 -1.000000
    outer loop
      vertex 0.000000 0.000000 42.000000
      vertex -2.489723 1.663580 42.000000
      vertex -2.275072 1.867103 42.000000
    endloop
  endfacet
  facet normal -0.767645 0.640873 -0.001918
    outer loop
      vertex -2.440468 1.630669 7.200000
      vertex -2.628777 1.405110 7.200000
      vertex -2.688888 1.437241 42.000000
    endloop
  endfacet
  facet normal -0.750735 0.660602 -0.001687
    outer loop
      vertex -2.440468 1.630669 7.200000
      vertex -2.688888 1.437241 42.000000
      vertex -2.489723 1.663580 42.000000
    endloop
  endfacet
  facet normal 0.000000 0.000000 1.000000
    outer loop
      vertex 0.000000 0.000000 7.200000
      vertex -2.440468 1.630669 7.200000
      vertex -2.628777 1.405110 7.200000
    endloop
  endfacet
  facet normal 0.000000 0.000000 -1.000000
    outer loop
      vertex 0.000000 0.000000 42.000000
      vertex -2.688888 1.437241 42.000000
      vertex -2.489723 1.663580 42.000000
    endloop
  endfacet
  facet normal -0.806908 0.590676 -0.001037
    outer loop
      vertex -2.628777 1.405110 7.200000
      vertex -2.806408 1.162452 7.200000
      vertex -2.840734 1.176670 42.000000
    endloop
  endfacet
  facet normal -0.863999 0.503489 -0.001957
    outer loop
      vertex -2.628777 1.405110 7.200000
      vertex -2.840734 1.176670 42.000000
      vertex -2.688888 1.437241 42.000000
    endloop
  endfacet
  facet normal 0.000000 0.000000 1.000000
    outer loop
      vertex 0.000000 0.000000 7.200000
      vertex -2.628777 1.405110 7.200000
      vertex -2.806408 1.162452 7.200000
    endloop
  endfacet
  facet normal 0.000000 0.000000 -1.000000
    outer loop
      vertex 0.000000 0.000000 42.000000
      vertex -2.840734 1.176670 42.000000
      vertex -2.688888 1.437241 42.000000
    endloop
  endfacet
  facet normal -0.896409 0.443227 0.000443
    outer loop
      vertex -2.806408 1.162452 7.200000
      vertex -2.940184 0.891895 7.200000
      vertex -2.925240 0.887362 42.000000
    endloop
  endfacet
  facet normal -0.959888 0.280381 -0.001061
    outer loop
      vertex -2.806408 1.162452 7.200000
      vertex -2.925240 0.887362 42.000000
      vertex -2.840734 1.176670 42.000000
    endloop
  endfacet
  facet normal 0.000000 0.000000 1.000000
    outer loop
      vertex 0.000000 0.000000 7.200000
      vertex -2.806408 1.162452 7.200000
      vertex -2.940184 0.891895 7.200000
    endloop
  endfacet
  facet normal 0.000000 0.000000 -1.000000
    outer loop
      vertex 0.000000 0.000000 42.000000
      vertex -2.925240 0.887362 42.000000
      vertex -2.840734 1.176670 42.000000
    endloop
  endfacet
  facet normal -0.975852 0.218426 0.001702
    outer loop
      vertex -2.940184 0.891895 7.200000
      vertex -3.005984 0.597927 7.200000
      vertex -2.947883 0.586370 42.000000
    endloop
  endfacet
  facet normal -0.997182 0.075015 0.000438
    outer loop
      vertex -2.940184 0.891895 7.200000
      vertex -2.947883 0.586370 42.000000
      vertex -2.925240 0.887362 42.000000
    endloop
  endfacet
  facet normal 0.000000 0.000000 1.000000
    outer loop
      vertex 0.000000 0.000000 7.200000
      vertex -2.940184 0.891895 7.200000
      vertex -3.005984 0.597927 7.200000
    endloop
  endfacet
  facet normal 0.000000 0.000000 -1.000000
    outer loop
      vertex 0.000000 0.000000 42.000000
      vertex -2.947883 0.586370 42.000000
      vertex -2.925240 0.887362 42.000000
    endloop
  endfacet
  facet normal -0.999989 -0.004174 0.001948
    outer loop
      vertex -3.005984 0.597927 7.200000
      vertex -3.004723 0.295939 7.200000
      vertex -2.936891 0.289259 42.000000
    endloop
  endfacet
  facet normal -0.999315 -0.036969 0.001656
    outer loop
      vertex -3.005984 0.597927 7.200000
      vertex -2.936891 0.289259 42.000000
      vertex -2.947883 0.586370 42.000000
    endloop
  endfacet
  facet normal 0.000000 0.000000 1.000000
    outer loop
      vertex 0.000000 0.000000 7.200000
      vertex -3.005984 0.597927 7.200000
      vertex -3.004723 0.295939 7.200000
    endloop
  endfacet
  facet normal 0.000000 0.000000 -1.000000
    outer loop
      vertex 0.000000 0.000000 42.000000
      vertex -2.936891 0.289259 42.000000
      vertex -2.947883 0.586370 42.000000
    endloop
  endfacet
  facet normal -0.989911 -0.141684 0.001057
    outer loop
      vertex -3.004723 0.295939 7.200000
      vertex -2.962366 0.000000 7.200000
      vertex -2.925212 0.000000 42.000000
    endloop
  endfacet
  facet normal -0.999184 -0.040343 0.001940
    outer loop
      vertex -3.004723 0.295939 7.200000
      vertex -2.925212 0.000000 42.000000
      vertex -2.936891 0.289259 42.000000
    endloop
  endfacet
  facet normal 0.000000 0.000000 1.000000
    outer loop
      vertex 0.000000 0.000000 7.200000
      vertex -3.004723 0.295939 7.200000
      vertex -2.962366 0.000000 7.200000
    endloop
  endfacet
  facet normal 0.000000 0.000000 -1.000000
    outer loop
      vertex 0.000000 0.000000 42.000000
      vertex -2.925212 0.000000 42.000000
      vertex -2.936891 0.289259 42.000000
    endloop
  endfacet
  facet normal -0.985761 -0.168150 -0.000448
    outer loop
      vertex -2.962366 0.000000 7.200000
      vertex -2.913419 -0.286947 7.200000
      vertex -2.928960 -0.288477 42.000000
    endloop
  endfacet
  facet normal -0.999915 0.012992 0.001068
    outer loop
      vertex -2.962366 0.000000 7.200000
      vertex -2.928960 -0.288477 42.000000
      vertex -2.925212 0.000000 42.000000
    endloop
  endfacet
  facet normal 0.000000 0.000000 1.000000
    outer loop
      vertex 0.000000 0.000000 7.200000
      vertex -2.962366 0.000000 7.200000
      vertex -2.913419 -0.286947 7.200000
    endloop
  endfacet
  facet normal 0.000000 0.000000 -1.000000
    outer loop
      vertex 0.000000 0.000000 42.000000
      vertex -2.928960 -0.288477 42.000000
      vertex -2.925212 0.000000 42.000000
    endloop
  endfacet
  facet normal -0.992706 -0.120551 -0.001697
    outer loop
      vertex -2.913419 -0.286947 7.200000
      vertex -2.878728 -0.572615 7.200000
      vertex -2.936829 -0.584172 42.000000
    endloop
  endfacet
  facet normal -0.999646 0.026601 -0.000445
    outer loop
      vertex -2.913419 -0.286947 7.200000
      vertex -2.936829 -0.584172 42.000000
      vertex -2.928960 -0.288477 42.000000
    endloop
  endfacet
  facet normal 0.000000 0.000000 1.000000
    outer loop
      vertex 0.000000 0.000000 7.200000
      vertex -2.913419 -0.286947 7.200000
      vertex -2.878728 -0.572615 7.200000
    endloop
  endfacet
  facet normal 0.000000 0.000000 -1.000000
    outer loop
      vertex 0.000000 0.000000 42.000000
      vertex -2.936829 -0.584172 42.000000
      vertex -2.928960 -0.288477 42.000000
    endloop
  endfacet
  facet normal -0.995972 -0.089641 -0.001918
    outer loop
      vertex -2.878728 -0.572615 7.200000
      vertex -2.852389 -0.865263 7.200000
      vertex -2.917614 -0.885048 42.000000
    endloop
  endfacet
  facet normal -0.997966 -0.063734 -0.001687
    outer loop
      vertex -2.878728 -0.572615 7.200000
      vertex -2.917614 -0.885048 42.000000
      vertex -2.936829 -0.584172 42.000000
    endloop
  endfacet
  facet normal 0.000000 0.000000 1.000000
    outer loop
      vertex 0.000000 0.000000 7.200000
      vertex -2.878728 -0.572615 7.200000
      vertex -2.852389 -0.865263 7.200000
    endloop
  endfacet
  facet normal 0.000000 0.000000 -1.000000
    outer loop
      vertex 0.000000 0.000000 42.000000
      vertex -2.917614 -0.885048 42.000000
      vertex -2.936829 -0.584172 42.000000
    endloop
  endfacet
  facet normal -0.988241 -0.152899 -0.001037
    outer loop
      vertex -2.852389 -0.865263 7.200000
      vertex -2.806408 -1.162452 7.200000
      vertex -2.840734 -1.176670 42.000000
    endloop
  endfacet
  facet normal -0.966960 -0.254919 -0.001957
    outer loop
      vertex -2.852389 -0.865263 7.200000
      vertex -2.840734 -1.176670 42.000000
      vertex -2.917614 -0.885048 42.000000
    endloop
  endfacet
  facet normal 0.000000 0.000000 1.000000
    outer loop
      vertex 0.000000 0.000000 7.200000
      vertex -2.852389 -0.865263 7.200000
      vertex -2.806408 -1.162452 7.200000
    endloop
  endfacet
  facet normal 0.000000 0.000000 -1.000000
    outer loop
      vertex 0.000000 0.000000 42.000000
      vertex -2.840734 -1.176670 42.000000
      vertex -2.917614 -0.885048 42.000000
    endloop
  endfacet
  facet normal -0.947266 -0.320448 0.000443
    outer loop
      vertex -2.806408 -1.162452 7.200000
      vertex -2.709689 -1.448359 7.200000
      vertex -2.695917 -1.440998 42.000000
    endloop
  endfacet
  facet normal -0.877003 -0.480484 -0.001061
    outer loop
      vertex -2.806408 -1.162452 7.200000
      vertex -2.695917 -1.440998 42.000000
      vertex -2.840734 -1.176670 42.000000
    endloop
  endfacet
  facet normal 0.000000 0.000000 1.000000
    outer loop
      vertex 0.000000 0.000000 7.200000
      vertex -2.806408 -1.162452 7.200000
      vertex -2.709689 -1.448359 7.200000
    endloop
  endfacet
  facet normal 0.000000 0.000000 -1.000000
    outer loop
      vertex 0.000000 0.000000 42.000000
      vertex -2.695917 -1.440998 42.000000
      vertex -2.840734 -1.176670 42.000000
    endloop
  endfacet
  facet normal -0.844482 -0.535581 0.001702
    outer loop
      vertex -2.709689 -1.448359 7.200000
      vertex -2.548350 -1.702753 7.200000
      vertex -2.499094 -1.669841 42.000000
    endloop
  endfacet
  facet normal -0.758158 -0.652071 0.000438
    outer loop
      vertex -2.709689 -1.448359 7.200000
      vertex -2.499094 -1.669841 42.000000
      vertex -2.695917 -1.440998 42.000000
    endloop
  endfacet
  facet normal 0.000000 0.000000 1.000000
    outer loop
      vertex 0.000000 0.000000 7.200000
      vertex -2.709689 -1.448359 7.200000
      vertex -2.548350 -1.702753 7.200000
    endloop
  endfacet
  facet normal 0.000000 0.000000 -1.000000
    outer loop
      vertex 0.000000 0.000000 42.000000
      vertex -2.499094 -1.669841 42.000000
      vertex -2.695917 -1.440998 42.000000
    endloop
  endfacet
  facet normal -0.704148 -0.710051 0.001948
    outer loop
      vertex -2.548350 -1.702753 7.200000
      vertex -2.333921 -1.915399 7.200000
      vertex -2.281232 -1.872159 42.000000
    endloop
  endfacet
  facet normal -0.680481 -0.732764 0.001656
    outer loop
      vertex -2.548350 -1.702753 7.200000
      vertex -2.281232 -1.872159 42.000000
      vertex -2.499094 -1.669841 42.000000
    endloop
  endfacet
  facet normal 0.000000 0.000000 1.000000
    outer loop
      vertex 0.000000 0.000000 7.200000
      vertex -2.548350 -1.702753 7.200000
      vertex -2.333921 -1.915399 7.200000
    endloop
  endfacet
  facet normal 0.000000 0.000000 -1.000000
    outer loop
      vertex 0.000000 0.000000 42.000000
      vertex -2.281232 -1.872159 42.000000
      vertex -2.499094 -1.669841 42.000000
    endloop
  endfacet
  facet normal -0.599787 -0.800159 0.001057
    outer loop
      vertex -2.333921 -1.915399 7.200000
      vertex -2.094709 -2.094709 7.200000
      vertex -2.068437 -2.068437 42.000000
    endloop
  endfacet
  facet normal -0.678003 -0.735057 0.001940
    outer loop
      vertex -2.333921 -1.915399 7.200000
      vertex -2.068437 -2.068437 42.000000
      vertex -2.281232 -1.872159 42.000000
    endloop
  endfacet
  facet normal 0.000000 0.000000 1.000000
    outer loop
      vertex 0.000000 0.000000 7.200000
      vertex -2.333921 -1.915399 7.200000
      vertex -2.094709 -2.094709 7.200000
    endloop
  endfacet
  facet normal 0.000000 0.000000 -1.000000
    outer loop
      vertex 0.000000 0.000000 42.000000
      vertex -2.068437 -2.068437 42.000000
      vertex -2.281232 -1.872159 42.000000
    endloop
  endfacet
  facet normal -0.578139 -0.815938 -0.000448
    outer loop
      vertex -2.094709 -2.094709 7.200000
      vertex -1.857196 -2.263000 7.200000
      vertex -1.867103 -2.275072 42.000000
    endloop
  endfacet
  facet normal -0.716233 -0.697860 0.001068
    outer loop
      vertex -2.094709 -2.094709 7.200000
      vertex -1.867103 -2.275072 42.000000
      vertex -2.068437 -2.068437 42.000000
    endloop
  endfacet
  facet normal 0.000000 0.000000 1.000000
    outer loop
      vertex 0.000000 0.000000 7.200000
      vertex -2.094709 -2.094709 7.200000
      vertex -1.857196 -2.263000 7.200000
    endloop
  endfacet
  facet normal 0.000000 0.000000 -1.000000
    outer loop
      vertex 0.000000 0.000000 42.000000
      vertex -1.867103 -2.275072 42.000000
      vertex -2.068437 -2.068437 42.000000
    endloop
  endfacet
  facet normal -0.616706 -0.787191 -0.001697
    outer loop
      vertex -1.857196 -2.263000 7.200000
      vertex -1.630669 -2.440468 7.200000
      vertex -1.663580 -2.489723 42.000000
    endloop
  endfacet
  facet normal -0.725667 -0.688046 -0.000445
    outer loop
      vertex -1.857196 -2.263000 7.200000
      vertex -1.663580 -2.489723 42.000000
      vertex -1.867103 -2.275072 42.000000
    endloop
  endfacet
  facet normal 0.000000 0.000000 1.000000
    outer loop
      vertex 0.000000 0.000000 7.200000
      vertex -1.857196 -2.263000 7.200000
      vertex -1.630669 -2.440468 7.200000
    endloop
  endfacet
  facet normal 0.000000 0.000000 -1.000000
    outer loop
      vertex 0.000000 0.000000 42.000000
      vertex -1.663580 -2.489723 42.000000
      vertex -1.867103 -2.275072 42.000000
    endloop
  endfacet
  facet normal -0.640873 -0.767645 -0.001918
    outer loop
      vertex -1.630669 -2.440468 7.200000
      vertex -1.405110 -2.628777 7.200000
      vertex -1.437241 -2.688888 42.000000
    endloop
  endfacet
  facet normal -0.660602 -0.750735 -0.001687
    outer loop
      vertex -1.630669 -2.440468 7.200000
      vertex -1.437241 -2.688888 42.000000
      vertex -1.663580 -2.489723 42.000000
    endloop
  endfacet
  facet normal 0.000000 0.000000 1.000000
    outer loop
      vertex 0.000000 0.000000 7.200000
      vertex -1.630669 -2.440468 7.200000
      vertex -1.405110 -2.628777 7.200000
    endloop
  endfacet
  facet normal 0.000000 0.000000 -1.000000
    outer loop
      vertex 0.000000 0.000000 42.000000
      vertex -1.437241 -2.688888 42.000000
      vertex -1.663580 -2.489723 42.000000
    endloop
  endfacet
  facet normal -0.590676 -0.806908 -0.001037
    outer loop
      vertex -1.405110 -2.628777 7.200000
      vertex -1.162452 -2.806408 7.200000
      vertex -1.176670 -2.840734 42.000000
    endloop
  endfacet
  facet normal -0.503489 -0.863999 -0.001957
    outer loop
      vertex -1.405110 -2.628777 7.200000
      vertex -1.176670 -2.840734 42.000000
      vertex -1.437241 -2.688888 42.000000
    endloop
  endfacet
  facet normal 0.000000 0.000000 1.000000
    outer loop
      vertex 0.000000 0.000000 7.200000
      vertex -1.405110 -2.628777 7.200000
      vertex -1.162452 -2.806408 7.200000
    endloop
  endfacet
  facet normal 0.000000 0.000000 -1.000000
    outer loop
      vertex 0.000000 0.000000 42.000000
      vertex -1.176670 -2.840734 42.000000
      vertex -1.437241 -2.688888 42.000000
    endloop
  endfacet
  facet normal -0.443227 -0.896409 0.000443
    outer loop
      vertex -1.162452 -2.806408 7.200000
      vertex -0.891895 -2.940184 7.200000
      vertex -0.887362 -2.925240 42.000000
    endloop
  endfacet
  facet normal -0.280381 -0.959888 -0.001061
    outer loop
      vertex -1.162452 -2.806408 7.200000
      vertex -0.887362 -2.925240 42.000000
      vertex -1.176670 -2.840734 42.000000
    endloop
  endfacet
  facet normal 0.000000 0.000000 1.000000
    outer loop
      vertex 0.000000 0.000000 7.200000
      vertex -1.162452 -2.806408 7.200000
      vertex -0.891895 -2.940184 7.200000
    endloop
  endfacet
  facet normal 0.000000 0.000000 -1.000000
    outer loop
      vertex 0.000000 0.000000 42.000000
      vertex -0.887362 -2.925240 42.000000
      vertex -1.176670 -2.840734 42.000000
    endloop
  endfacet
  facet normal -0.218426 -0.975852 0.001702
    outer loop
      vertex -0.891895 -2.940184 7.200000
      vertex -0.597927 -3.005984 7.200000
      vertex -0.586370 -2.947883 42.000000
    endloop
  endfacet
  facet normal -0.075015 -0.997182 0.000438
    outer loop
      vertex -0.891895 -2.940184 7.200000
      vertex -0.586370 -2.947883 42.000000
      vertex -0.887362 -2.925240 42.000000
    endloop
  endfacet
  facet normal 0.000000 0.000000 1.000000
    outer loop
      vertex 0.000000 0.000000 7.200000
      vertex -0.891895 -2.940184 7.200000
      vertex -0.597927 -3.005984 7.200000
    endloop
  endfacet
  facet normal 0.000000 0.000000 -1.000000
    outer loop
      vertex 0.000000 0.000000 42.000000
      vertex -0.586370 -2.947883 42.000000
      vertex -0.887362 -2.925240 42.000000
    endloop
  endfacet
  facet normal 0.004174 -0.999989 0.001948
    outer loop
      vertex -0.597927 -3.005984 7.200000
      vertex -0.295939 -3.004723 7.200000
      vertex -0.289259 -2.936891 42.000000
    endloop
  endfacet
  facet normal 0.036969 -0.999315 0.001656
    outer loop
      vertex -0.597927 -3.005984 7.200000
      vertex -0.289259 -2.936891 42.000000
      vertex -0.586370 -2.947883 42.000000
    endloop
  endfacet
  facet normal 0.000000 0.000000 1.000000
    outer loop
      vertex 0.000000 0.000000 7.200000
      vertex -0.597927 -3.005984 7.200000
      vertex -0.295939 -3.004723 7.200000
    endloop
  endfacet
  facet normal 0.000000 0.000000 -1.000000
    outer loop
      vertex 0.000000 0.000000 42.000000
      vertex -0.289259 -2.936891 42.000000
      vertex -0.586370 -2.947883 42.000000
    endloop
  endfacet
  facet normal 0.141684 -0.989911 0.001057
    outer loop
      vertex -0.295939 -3.004723 7.200000
      vertex -0.000000 -2.962366 7.200000
      vertex -0.000000 -2.925212 42.000000
    endloop
  endfacet
  facet normal 0.040343 -0.999184 0.001940
    outer loop
      vertex -0.295939 -3.004723 7.200000
      vertex -0.000000 -2.925212 42.000000
      vertex -0.289259 -2.936891 42.000000
    endloop
  endfacet
  facet normal 0.000000 0.000000 1.000000
    outer loop
      vertex 0.000000 0.000000 7.200000
      vertex -0.295939 -3.004723 7.200000
      vertex -0.000000 -2.962366 7.200000
    endloop
  endfacet
  facet normal 0.000000 0.000000 -1.000000
    outer loop
      vertex 0.000000 0.000000 42.000000
      vertex -0.000000 -2.925212 42.000000
      vertex -0.289259 -2.936891 42.000000
    endloop
  endfacet
  facet normal 0.168150 -0.985761 -0.000448
    outer loop
      vertex -0.000000 -2.962366 7.200000
      vertex 0.286947 -2.913419 7.200000
      vertex 0.288477 -2.928960 42.000000
    endloop
  endfacet
  facet normal -0.012992 -0.999915 0.001068
    outer loop
      vertex -0.000000 -2.962366 7.200000
      vertex 0.288477 -2.928960 42.000000
      vertex -0.000000 -2.925212 42.000000
    endloop
  endfacet
  facet normal 0.000000 0.000000 1.000000
    outer loop
      vertex 0.000000 0.000000 7.200000
      vertex -0.000000 -2.962366 7.200000
      vertex 0.286947 -2.913419 7.200000
    endloop
  endfacet
  facet normal 0.000000 0.000000 -1.000000
    outer loop
      vertex 0.000000 0.000000 42.000000
      vertex 0.288477 -2.928960 42.000000
      vertex -0.000000 -2.925212 42.000000
    endloop
  endfacet
  facet normal 0.120551 -0.992706 -0.001697
    outer loop
      vertex 0.286947 -2.913419 7.200000
      vertex 0.572615 -2.878728 7.200000
      vertex 0.584172 -2.936829 42.000000
    endloop
  endfacet
  facet normal -0.026601 -0.999646 -0.000445
    outer loop
      vertex 0.286947 -2.913419 7.200000
      vertex 0.584172 -2.936829 42.000000
      vertex 0.288477 -2.928960 42.000000
    endloop
  endfacet
  facet normal 0.000000 0.000000 1.000000
    outer loop
      vertex 0.000000 0.000000 7.200000
      vertex 0.286947 -2.913419 7.200000
      vertex 0.572615 -2.878728 7.200000
    endloop
  endfacet
  facet normal 0.000000 0.000000 -1.000000
    outer loop
      vertex 0.000000 0.000000 42.000000
      vertex 0.584172 -2.936829 42.000000
      vertex 0.288477 -2.928960 42.000000
    endloop
  endfacet
  facet normal 0.089641 -0.995972 -0.001918
    outer loop
      vertex 0.572615 -2.878728 7.200000
      vertex 0.865263 -2.852389 7.200000
      vertex 0.885048 -2.917614 42.000000
    endloop
  endfacet
  facet normal 0.063734 -0.997966 -0.001687
    outer loop
      vertex 0.572615 -2.878728 7.200000
      vertex 0.885048 -2.917614 42.000000
      vertex 0.584172 -2.936829 42.000000
    endloop
  endfacet
  facet normal 0.000000 0.000000 1.000000
    outer loop
      vertex 0.000000 0.000000 7.200000
      vertex 0.572615 -2.878728 7.200000
      vertex 0.865263 -2.852389 7.200000
    endloop
  endfacet
  facet normal 0.000000 0.000000 -1.000000
    outer loop
      vertex 0.000000 0.000000 42.000000
      vertex 0.885048 -2.917614 42.000000
      vertex 0.584172 -2.936829 42.000000
    endloop
  endfacet
  facet normal 0.152899 -0.988241 -0.001037
    outer loop
      vertex 0.865263 -2.852389 7.200000
      vertex 1.162452 -2.806408 7.200000
      vertex 1.176670 -2.840734 42.000000
    endloop
  endfacet
  facet normal 0.254919 -0.966960 -0.001957
    outer loop
      vertex 0.865263 -2.852389 7.200000
      vertex 1.176670 -2.840734 42.000000
      vertex 0.885048 -2.917614 42.000000
    endloop
  endfacet
  facet normal 0.000000 0.000000 1.000000
    outer loop
      vertex 0.000000 0.000000 7.200000
      vertex 0.865263 -2.852389 7.200000
      vertex 1.162452 -2.806408 7.200000
    endloop
  endfacet
  facet normal 0.000000 0.000000 -1.000000
    outer loop
      vertex 0.000000 0.000000 42.000000
      vertex 1.176670 -2.840734 42.000000
      vertex 0.885048 -2.917614 42.000000
    endloop
  endfacet
  facet normal 0.320448 -0.947266 0.000443
    outer loop
      vertex 1.162452 -2.806408 7.200000
      vertex 1.448359 -2.709689 7.200000
      vertex 1.440998 -2.695917 42.000000
    endloop
  endfacet
  facet normal 0.480484 -0.877003 -0.001061
    outer loop
      vertex 1.162452 -2.806408 7.200000
      vertex 1.440998 -2.695917 42.000000
      vertex 1.176670 -2.840734 42.000000
    endloop
  endfacet
  facet normal 0.000000 0.000000 1.000000
    outer loop
      vertex 0.000000 0.000000 7.200000
      vertex 1.162452 -2.806408 7.200000
      vertex 1.448359 -2.709689 7.200000
    endloop
  endfacet
  facet normal 0.000000 0.000000 -1.000000
    outer loop
      vertex 0.000000 0.000000 42.000000
      vertex 1.440998 -2.695917 42.000000
      vertex 1.176670 -2.840734 42.000000
    endloop
  endfacet
  facet normal 0.535581 -0.844482 0.001702
    outer loop
      vertex 1.448359 -2.709689 7.200000
      vertex 1.702753 -2.548350 7.200000
      vertex 1.669841 -2.499094 42.000000
    endloop
  endfacet
  facet normal 0.652071 -0.758158 0.000438
    outer loop
      vertex 1.448359 -2.709689 7.200000
      vertex 1.669841 -2.499094 42.000000
      vertex 1.440998 -2.695917 42.000000
    endloop
  endfacet
  facet normal 0.000000 0.000000 1.000000
    outer loop
      vertex 0.000000 0.000000 7.200000
      vertex 1.448359 -2.709689 7.200000
      vertex 1.702753 -2.548350 7.200000
    endloop
  endfacet
  facet normal 0.000000 0.000000 -1.000000
    outer loop
      vertex 0.000000 0.000000 42.000000
      vertex 1.669841 -2.499094 42.000000
      vertex 1.440998 -2.695917 42.000000
    endloop
  endfacet
  facet normal 0.710051 -0.704148 0.001948
    outer loop
      vertex 1.702753 -2.548350 7.200000
      vertex 1.915399 -2.333921 7.200000
      vertex 1.872159 -2.281232 42.000000
    endloop
  endfacet
  facet normal 0.732764 -0.680481 0.001656
    outer loop
      vertex 1.702753 -2.548350 7.200000
      vertex 1.872159 -2.281232 42.000000
      vertex 1.669841 -2.499094 42.000000
    endloop
  endfacet
  facet normal 0.000000 0.000000 1.000000
    outer loop
      vertex 0.000000 0.000000 7.200000
      vertex 1.702753 -2.548350 7.200000
      vertex 1.915399 -2.333921 7.200000
    endloop
  endfacet
  facet normal 0.000000 0.000000 -1.000000
    outer loop
      vertex 0.000000 0.000000 42.000000
      vertex 1.872159 -2.281232 42.000000
      vertex 1.669841 -2.499094 42.000000
    endloop
  endfacet
  facet normal 0.800159 -0.599787 0.001057
    outer loop
      vertex 1.915399 -2.333921 7.200000
      vertex 2.094709 -2.094709 7.200000
      vertex 2.068437 -2.068437 42.000000
    endloop
  endfacet
  facet normal 0.735057 -0.678003 0.001940
    outer loop
      vertex 1.915399 -2.333921 7.200000
      vertex 2.068437 -2.068437 42.000000
      vertex 1.872159 -2.281232 42.000000
    endloop
  endfacet
  facet normal 0.000000 0.000000 1.000000
    outer loop
      vertex 0.000000 0.000000 7.200000
      vertex 1.915399 -2.333921 7.200000
      vertex 2.094709 -2.094709 7.200000
    endloop
  endfacet
  facet normal 0.000000 0.000000 -1.000000
    outer loop
      vertex 0.000000 0.000000 42.000000
      vertex 2.068437 -2.068437 42.000000
      vertex 1.872159 -2.281232 42.000000
    endloop
  endfacet
  facet normal 0.815938 -0.578139 -0.000448
    outer loop
      vertex 2.094709 -2.094709 7.200000
      vertex 2.263000 -1.857196 7.200000
      vertex 2.275072 -1.867103 42.000000
    endloop
  endfacet
  facet normal 0.697860 -0.716233 0.001068
    outer loop
      vertex 2.094709 -2.094709 7.200000
      vertex 2.275072 -1.867103 42.000000
      vertex 2.068437 -2.068437 42.000000
    endloop
  endfacet
  facet normal 0.000000 0.000000 1.000000
    outer loop
      vertex 0.000000 0.000000 7.200000
      vertex 2.094709 -2.094709 7.200000
      vertex 2.263000 -1.857196 7.200000
    endloop
  endfacet
  facet normal 0.000000 0.000000 -1.000000
    outer loop
      vertex 0.000000 0.000000 42.000000
      vertex 2.275072 -1.867103 42.000000
      vertex 2.068437 -2.068437 42.000000
    endloop
  endfacet
  facet normal 0.787191 -0.616706 -0.001697
    outer loop
      vertex 2.263000 -1.857196 7.200000
      vertex 2.440468 -1.630669 7.200000
      vertex 2.489723 -1.663580 42.000000
    endloop
  endfacet
  facet normal 0.688046 -0.725667 -0.000445
    outer loop
      vertex 2.263000 -1.857196 7.200000
      vertex 2.489723 -1.663580 42.000000
      vertex 2.275072 -1.867103 42.000000
    endloop
  endfacet
  facet normal 0.000000 0.000000 1.000000
    outer loop
      vertex 0.000000 0.000000 7.200000
      vertex 2.263000 -1.857196 7.200000
      vertex 2.440468 -1.630669 7.200000
    endloop
  endfacet
  facet normal 0.000000 0.000000 -1.000000
    outer loop
      vertex 0.000000 0.000000 42.000000
      vertex 2.489723 -1.663580 42.000000
      vertex 2.275072 -1.867103 42.000000
    endloop
  endfacet
  facet normal 0.767645 -0.640873 -0.001918
    outer loop
      vertex 2.440468 -1.630669 7.200000
      vertex 2.628777 -1.405110 7.200000
      vertex 2.688888 -1.437241 42.000000
    endloop
  endfacet
  facet normal 0.750735 -0.660602 -0.001687
    outer loop
      vertex 2.440468 -1.630669 7.200000
      vertex 2.688888 -1.437241 42.000000
      vertex 2.489723 -1.663580 42.000000
    endloop
  endfacet
  facet normal 0.000000 0.000000 1.000000
    outer loop
      vertex 0.000000 0.000000 7.200000
      vertex 2.440468 -1.630669 7.200000
      vertex 2.628777 -1.405110 7.200000
    endloop
  endfacet
  facet normal 0.000000 0.000000 -1.000000
    outer loop
      vertex 0.000000 0.000000 42.000000
      vertex 2.688888 -1.437241 42.000000
      vertex 2.489723 -1.663580 42.000000
    endloop
  endfacet
  facet normal 0.806908 -0.590676 -0.001037
    outer loop
      vertex 2.628777 -1.405110 7.200000
      vertex 2.806408 -1.162452 7.200000
      vertex 2.840734 -1.176670 42.000000
    endloop
  endfacet
  facet normal 0.863999 -0.503489 -0.001957
    outer loop
      vertex 2.628777 -1.405110 7.200000
      vertex 2.840734 -1.176670 42.000000
      vertex 2.688888 -1.437241 42.000000
    endloop
  endfacet
  facet normal 0.000000 0.000000 1.000000
    outer loop
      vertex 0.000000 0.000000 7.200000
      vertex 2.628777 -1.405110 7.200000
      vertex 2.806408 -1.162452 7.200000
    endloop
  endfacet
  facet normal 0.000000 0.000000 -1.000000
    outer loop
      vertex 0.000000 0.000000 42.000000
      vertex 2.840734 -1.176670 42.000000
      vertex 2.688888 -1.437241 42.000000
    endloop
  endfacet
  facet normal 0.896409 -0.443227 0.000443
    outer loop
      vertex 2.806408 -1.162452 7.200000
      vertex 2.940184 -0.891895 7.200000
      vertex 2.925240 -0.887362 42.000000
    endloop
  endfacet
  facet normal 0.959888 -0.280381 -0.001061
    outer loop
      vertex 2.806408 -1.162452 7.200000
      vertex 2.925240 -0.887362 42.000000
      vertex 2.840734 -1.176670 42.000000
    endloop
  endfacet
  facet normal 0.000000 0.000000 1.000000
    outer loop
      vertex 0.000000 0.000000 7.200000
      vertex 2.806408 -1.162452 7.200000
      vertex 2.940184 -0.891895 7.200000
    endloop
  endfacet
  facet normal 0.000000 0.000000 -1.000000
    outer loop
      vertex 0.000000 0.000000 42.000000
      vertex 2.925240 -0.887362 42.000000
      vertex 2.840734 -1.176670 42.000000
    endloop
  endfacet
  facet normal 0.975852 -0.218426 0.001702
    outer loop
      vertex 2.940184 -0.891895 7.200000
      vertex 3.005984 -0.597927 7.200000
      vertex 2.947883 -0.586370 42.000000
    endloop
  endfacet
  facet normal 0.997182 -0.075015 0.000438
    outer loop
      vertex 2.940184 -0.891895 7.200000
      vertex 2.947883 -0.586370 42.000000
      vertex 2.925240 -0.887362 42.000000
    endloop
  endfacet
  facet normal 0.000000 0.000000 1.000000
    outer loop
      vertex 0.000000 0.000000 7.200000
      vertex 2.940184 -0.891895 7.200000
      vertex 3.005984 -0.597927 7.200000
    endloop
  endfacet
  facet normal 0.000000 0.000000 -1.000000
    outer loop
      vertex 0.000000 0.000000 42.000000
      vertex 2.947883 -0.586370 42.000000
      vertex 2.925240 -0.887362 42.000000
    endloop
  endfacet
  facet normal 0.999989 0.004174 0.001948
    outer loop
      vertex 3.005984 -0.597927 7.200000
      vertex 3.004723 -0.295939 7.200000
      vertex 2.936891 -0.289259 42.000000
    endloop
  endfacet
  facet normal 0.999315 0.036969 0.001656
    outer loop
      vertex 3.005984 -0.597927 7.200000
      vertex 2.936891 -0.289259 42.000000
      vertex 2.947883 -0.586370 42.000000
    endloop
  endfacet
  facet normal 0.000000 0.000000 1.000000
    outer loop
      vertex 0.000000 0.000000 7.200000
      vertex 3.005984 -0.597927 7.200000
      vertex 3.004723 -0.295939 7.200000
    endloop
  endfacet
  facet normal 0.000000 0.000000 -1.000000
    outer loop
      vertex 0.000000 0.000000 42.000000
      vertex 2.936891 -0.289259 42.000000
      vertex 2.947883 -0.586370 42.000000
    endloop
  endfacet
  facet normal 0.989911 0.141684 0.001057
    outer loop
      vertex 3.004723 -0.295939 7.200000
      vertex 2.962366 0.000000 7.200000
      vertex 2.925212 0.000000 42.000000
    endloop
  endfacet
  facet normal 0.999184 0.040343 0.001940
    outer loop
      vertex 3.004723 -0.295939 7.200000
      vertex 2.925212 0.000000 42.000000
      vertex 2.936891 -0.289259 42.000000
    endloop
  endfacet
  facet normal 0.000000 0.000000 1.000000
    outer loop
      vertex 0.000000 0.000000 7.200000
      vertex 3.004723 -0.295939 7.200000
      vertex 2.962366 0.000000 7.200000
    endloop
  endfacet
  facet normal 0.000000 0.000000 -1.000000
    outer loop
      vertex 0.000000 0.000000 42.000000
      vertex 2.925212 0.000000 42.000000
      vertex 2.936891 -0.289259 42.000000
    endloop
  endfacet
  facet normal -0.799794 -0.557173 0.223354
    outer loop
      vertex 2.864163 -0.892509 0.000000
      vertex 2.978849 -0.355612 1.750000
      vertex 2.418807 0.448299 1.750000
    endloop
  endfacet
  facet normal -0.907737 -0.411058 0.083934
    outer loop
      vertex 2.864163 -0.892509 0.000000
      vertex 2.418807 0.448299 1.750000
      vertex 2.460000 0.000000 0.000000
    endloop
  endfacet
  facet normal -0.967446 0.238753 -0.083934
    outer loop
      vertex 2.460000 0.000000 0.000000
      vertex 2.418807 0.448299 1.750000
      vertex 2.653555 1.399516 1.750000
    endloop
  endfacet
  facet normal -0.887938 0.402093 -0.223354
    outer loop
      vertex 2.460000 0.000000 0.000000
      vertex 2.653555 1.399516 1.750000
      vertex 2.864163 0.892509 0.000000
    endloop
  endfacet
  facet normal -0.684865 -0.693594 0.223354
    outer loop
      vertex 2.978849 -0.355612 1.750000
      vertex 2.993773 0.193195 3.500000
      vertex 2.296608 0.881585 3.500000
    endloop
  endfacet
  facet normal -0.817627 -0.569597 0.083934
    outer loop
      vertex 2.978849 -0.355612 1.750000
      vertex 2.296608 0.881585 3.500000
      vertex 2.418807 0.448299 1.750000
    endloop
  endfacet
  facet normal -0.994755 0.058452 -0.083934
    outer loop
      vertex 2.418807 0.448299 1.750000
      vertex 2.296608 0.881585 3.500000
      vertex 2.354079 1.859653 3.500000
    endloop
  endfacet
  facet normal -0.946345 0.233546 -0.223354
    outer loop
      vertex 2.418807 0.448299 1.750000
      vertex 2.354079 1.859653 3.500000
      vertex 2.653555 1.399516 1.750000
    endloop
  endfacet
  facet normal -0.546999 -0.806787 0.223354
    outer loop
      vertex 2.993773 0.193195 3.500000
      vertex 2.908435 0.735532 5.250000
      vertex 2.097495 1.285346 5.250000
    endloop
  endfacet
  facet normal -0.700135 -0.709060 0.083934
    outer loop
      vertex 2.993773 0.193195 3.500000
      vertex 2.097495 1.285346 5.250000
      vertex 2.296608 0.881585 3.500000
    endloop
  endfacet
  facet normal -0.988750 -0.123806 -0.083934
    outer loop
      vertex 2.296608 0.881585 3.500000
      vertex 2.097495 1.285346 5.250000
      vertex 1.975765 2.257510 5.250000
    endloop
  endfacet
  facet normal -0.973059 0.057177 -0.223354
    outer loop
      vertex 2.296608 0.881585 3.500000
      vertex 1.975765 2.257510 5.250000
      vertex 2.354079 1.859653 3.500000
    endloop
  endfacet
  facet normal -0.390814 -0.892960 0.223354
    outer loop
      vertex 2.908435 0.735532 5.250000
      vertex 2.725693 1.253235 7.000000
      vertex 1.828136 1.646061 7.000000
    endloop
  endfacet
  facet normal -0.559196 -0.824776 0.083934
    outer loop
      vertex 2.908435 0.735532 5.250000
      vertex 1.828136 1.646061 7.000000
      vertex 2.097495 1.285346 5.250000
    endloop
  endfacet
  facet normal -0.949632 -0.301919 -0.083934
    outer loop
      vertex 2.097495 1.285346 5.250000
      vertex 1.828136 1.646061 7.000000
      vertex 1.531282 2.579762 7.000000
    endloop
  endfacet
  facet normal -0.967185 -0.121106 -0.223354
    outer loop
      vertex 2.097495 1.285346 5.250000
      vertex 1.531282 2.579762 7.000000
      vertex 1.975765 2.257510 5.250000
    endloop
  endfacet
  facet normal -0.221541 -0.949227 0.223354
    outer loop
      vertex 2.725693 1.253235 7.000000
      vertex 2.451667 1.728968 8.750000
      vertex 1.497553 1.951649 8.750000
    endloop
  endfacet
  facet normal -0.399528 -0.912870 0.083934
    outer loop
      vertex 2.725693 1.253235 7.000000
      vertex 1.497553 1.951649 8.750000
      vertex 1.828136 1.646061 7.000000
    endloop
  endfacet
  facet normal -0.878710 -0.469920 -0.083934
    outer loop
      vertex 1.828136 1.646061 7.000000
      vertex 1.497553 1.951649 8.750000
      vertex 1.035517 2.815618 8.750000
    endloop
  endfacet
  facet normal -0.928919 -0.295334 -0.223354
    outer loop
      vertex 1.828136 1.646061 7.000000
      vertex 1.035517 2.815618 8.750000
      vertex 1.531282 2.579762 7.000000
    endloop
  endfacet
  facet normal -0.044848 -0.973705 0.223354
    outer loop
      vertex 2.451667 1.728968 8.750000
      vertex 2.095534 2.146797 10.500000
      vertex 1.116817 2.191876 10.500000
    endloop
  endfacet
  facet normal -0.226481 -0.970392 0.083934
    outer loop
      vertex 2.451667 1.728968 8.750000
      vertex 1.116817 2.191876 10.500000
      vertex 1.497553 1.951649 8.750000
    endloop
  endfacet
  facet normal -0.778359 -0.622183 -0.083934
    outer loop
      vertex 1.497553 1.951649 8.750000
      vertex 1.116817 2.191876 10.500000
      vertex 0.505071 2.957178 10.500000
    endloop
  endfacet
  facet normal -0.859544 -0.459670 -0.223354
    outer loop
      vertex 1.497553 1.951649 8.750000
      vertex 0.505071 2.957178 10.500000
      vertex 1.035517 2.815618 8.750000
    endloop
  endfacet
  facet normal 0.133346 -0.965573 0.223354
    outer loop
      vertex 2.095534 2.146797 10.500000
      vertex 1.669222 2.492729 12.250000
      vertex 0.698678 2.358697 12.250000
    endloop
  endfacet
  facet normal -0.045848 -0.995416 0.083934
    outer loop
      vertex 2.095534 2.146797 10.500000
      vertex 0.698678 2.358697 12.250000
      vertex 1.116817 2.191876 10.500000
    endloop
  endfacet
  facet normal -0.651942 -0.753609 -0.083934
    outer loop
      vertex 1.116817 2.191876 10.500000
      vertex 0.698678 2.358697 12.250000
      vertex -0.042289 2.999702 12.250000
    endloop
  endfacet
  facet normal -0.761383 -0.608612 -0.223354
    outer loop
      vertex 1.116817 2.191876 10.500000
      vertex -0.042289 2.999702 12.250000
      vertex 0.505071 2.957178 10.500000
    endloop
  endfacet
  facet normal 0.307075 -0.925104 0.223354
    outer loop
      vertex 1.669222 2.492729 12.250000
      vertex 1.187006 2.755180 14.000000
      vertex 0.257140 2.446524 14.000000
    endloop
  endfacet
  facet normal 0.136320 -0.987103 0.083934
    outer loop
      vertex 1.669222 2.492729 12.250000
      vertex 0.257140 2.446524 14.000000
      vertex 0.698678 2.358697 12.250000
    endloop
  endfacet
  facet normal -0.503691 -0.859797 -0.083934
    outer loop
      vertex 0.698678 2.358697 12.250000
      vertex 0.257140 2.446524 14.000000
      vertex -0.588233 2.941765 14.000000
    endloop
  endfacet
  facet normal -0.637722 -0.737172 -0.223354
    outer loop
      vertex 0.698678 2.358697 12.250000
      vertex -0.588233 2.941765 14.000000
      vertex -0.042289 2.999702 12.250000
    endloop
  endfacet
  facet normal 0.470520 -0.853653 0.223354
    outer loop
      vertex 1.187006 2.755180 14.000000
      vertex 0.665038 2.925359 15.750000
      vertex -0.193009 2.452417 15.750000
    endloop
  endfacet
  facet normal 0.313922 -0.945731 0.083934
    outer loop
      vertex 1.187006 2.755180 14.000000
      vertex -0.193009 2.452417 15.750000
      vertex 0.257140 2.446524 14.000000
    endloop
  endfacet
  facet normal -0.338571 -0.937190 -0.083934
    outer loop
      vertex 0.257140 2.446524 14.000000
      vertex -0.193009 2.452417 15.750000
      vertex -1.114477 2.785308 15.750000
    endloop
  endfacet
  facet normal -0.492705 -0.841044 -0.223354
    outer loop
      vertex 0.257140 2.446524 14.000000
      vertex -1.114477 2.785308 15.750000
      vertex -0.588233 2.941765 14.000000
    endloop
  endfacet
  facet normal 0.618207 -0.753613 0.223354
    outer loop
      vertex 0.665038 2.925359 15.750000
      vertex 0.120798 2.997567 17.500000
      vertex -0.636695 2.376178 17.500000
    endloop
  endfacet
  facet normal 0.481011 -0.872687 0.083934
    outer loop
      vertex 0.665038 2.925359 15.750000
      vertex -0.636695 2.376178 17.500000
      vertex -0.193009 2.452417 15.750000
    endloop
  endfacet
  facet normal -0.162112 -0.983196 -0.083934
    outer loop
      vertex -0.193009 2.452417 15.750000
      vertex -0.636695 2.376178 17.500000
      vertex -1.603397 2.535570 17.500000
    endloop
  endfacet
  facet normal -0.331186 -0.916749 -0.223354
    outer loop
      vertex -0.193009 2.452417 15.750000
      vertex -1.603397 2.535570 17.500000
      vertex -1.114477 2.785308 15.750000
    endloop
  endfacet
  facet normal 0.745190 -0.628335 0.223354
    outer loop
      vertex 0.120798 2.997567 17.500000
      vertex -0.427488 2.969386 19.250000
      vertex -1.059057 2.220360 19.250000
    endloop
  endfacet
  facet normal 0.631991 -0.770417 0.083934
    outer loop
      vertex 0.120798 2.997567 17.500000
      vertex -1.059057 2.220360 19.250000
      vertex -0.636695 2.376178 17.500000
    endloop
  endfacet
  facet normal 0.019776 -0.996275 -0.083934
    outer loop
      vertex -0.636695 2.376178 17.500000
      vertex -1.059057 2.220360 19.250000
      vertex -2.038619 2.200916 19.250000
    endloop
  endfacet
  facet normal -0.158576 -0.961752 -0.223354
    outer loop
      vertex -0.636695 2.376178 17.500000
      vertex -2.038619 2.200916 19.250000
      vertex -1.603397 2.535570 17.500000
    endloop
  endfacet
  facet normal 0.847217 -0.482013 0.223354
    outer loop
      vertex -0.427488 2.969386 19.250000
      vertex -0.961457 2.841760 21.000000
      vertex -1.445952 1.990182 21.000000
    endloop
  endfacet
  facet normal 0.761806 -0.642345 0.083934
    outer loop
      vertex -0.427488 2.969386 19.250000
      vertex -1.445952 1.990182 21.000000
      vertex -1.059057 2.220360 19.250000
    endloop
  endfacet
  facet normal 0.201001 -0.975989 -0.083934
    outer loop
      vertex -1.059057 2.220360 19.250000
      vertex -1.445952 1.990182 21.000000
      vertex -2.405568 1.792552 21.000000
    endloop
  endfacet
  facet normal 0.019344 -0.974545 -0.223354
    outer loop
      vertex -1.059057 2.220360 19.250000
      vertex -2.405568 1.792552 21.000000
      vertex -2.038619 2.200916 19.250000
    endloop
  endfacet
  facet normal 0.920870 -0.319549 0.223354
    outer loop
      vertex -0.961457 2.841760 21.000000
      vertex -1.463227 2.618963 22.750000
      vertex -1.784421 1.693352 22.750000
    endloop
  endfacet
  facet normal 0.866107 -0.492761 0.083934
    outer loop
      vertex -0.961457 2.841760 21.000000
      vertex -1.784421 1.693352 22.750000
      vertex -1.445952 1.990182 21.000000
    endloop
  endfacet
  facet normal 0.375495 -0.923016 -0.083934
    outer loop
      vertex -1.445952 1.990182 21.000000
      vertex -1.784421 1.693352 22.750000
      vertex -2.691953 1.324156 22.750000
    endloop
  endfacet
  facet normal 0.196617 -0.954701 -0.223354
    outer loop
      vertex -1.445952 1.990182 21.000000
      vertex -2.691953 1.324156 22.750000
      vertex -2.405568 1.792552 21.000000
    endloop
  endfacet
  facet normal 0.963683 -0.146382 0.223354
    outer loop
      vertex -1.463227 2.618963 22.750000
      vertex -1.915994 2.308456 24.500000
      vertex -2.063130 1.339812 24.500000
    endloop
  endfacet
  facet normal 0.941403 -0.326674 0.083934
    outer loop
      vertex -1.463227 2.618963 22.750000
      vertex -2.063130 1.339812 24.500000
      vertex -1.784421 1.693352 22.750000
    endloop
  endfacet
  facet normal 0.537414 -0.839131 -0.083934
    outer loop
      vertex -1.784421 1.693352 22.750000
      vertex -2.063130 1.339812 24.500000
      vertex -2.888184 0.811414 24.500000
    endloop
  endfacet
  facet normal 0.367305 -0.902884 -0.223354
    outer loop
      vertex -1.784421 1.693352 22.750000
      vertex -2.888184 0.811414 24.500000
      vertex -2.691953 1.324156 22.750000
    endloop
  endfacet
  facet normal 0.974222 0.031686 0.223354
    outer loop
      vertex -1.915994 2.308456 24.500000
      vertex -2.304593 1.920639 26.250000
      vertex -2.272744 0.941401 26.250000
    endloop
  endfacet
  facet normal 0.985171 -0.149646 0.083934
    outer loop
      vertex -1.915994 2.308456 24.500000
      vertex -2.272744 0.941401 26.250000
      vertex -2.063130 1.339812 24.500000
    endloop
  endfacet
  facet normal 0.681334 -0.727144 -0.083934
    outer loop
      vertex -2.063130 1.339812 24.500000
      vertex -2.272744 0.941401 26.250000
      vertex -2.987690 0.271497 26.250000
    endloop
  endfacet
  facet normal 0.525692 -0.820829 -0.223354
    outer loop
      vertex -2.063130 1.339812 24.500000
      vertex -2.987690 0.271497 26.250000
      vertex -2.888184 0.811414 24.500000
    endloop
  endfacet
  facet normal 0.952134 0.208693 0.223354
    outer loop
      vertex -2.304593 1.920639 26.250000
      vertex -2.616011 1.468499 28.000000
      vertex -2.406243 0.511463 28.000000
    endloop
  endfacet
  facet normal 0.995945 0.032392 0.083934
    outer loop
      vertex -2.304593 1.920639 26.250000
      vertex -2.406243 0.511463 28.000000
      vertex -2.272744 0.941401 26.250000
    endloop
  endfacet
  facet normal 0.802437 -0.590805 -0.083934
    outer loop
      vertex -2.272744 0.941401 26.250000
      vertex -2.406243 0.511463 28.000000
      vertex -2.987137 -0.277513 28.000000
    endloop
  endfacet
  facet normal 0.666474 -0.711284 -0.223354
    outer loop
      vertex -2.272744 0.941401 26.250000
      vertex -2.987137 -0.277513 28.000000
      vertex -2.987690 0.271497 26.250000
    endloop
  endfacet
  facet normal 0.898159 0.378711 0.223354
    outer loop
      vertex -2.616011 1.468499 28.000000
      vertex -2.839818 0.967178 29.750000
      vertex -2.459157 0.064395 29.750000
    endloop
  endfacet
  facet normal 0.973364 0.213347 0.083934
    outer loop
      vertex -2.616011 1.468499 28.000000
      vertex -2.459157 0.064395 29.750000
      vertex -2.406243 0.511463 28.000000
    endloop
  endfacet
  facet normal 0.896666 -0.434679 -0.083934
    outer loop
      vertex -2.406243 0.511463 28.000000
      vertex -2.459157 0.064395 29.750000
      vertex -2.886544 -0.817228 29.750000
    endloop
  endfacet
  facet normal 0.784935 -0.577919 -0.223354
    outer loop
      vertex -2.406243 0.511463 28.000000
      vertex -2.886544 -0.817228 29.750000
      vertex -2.987137 -0.277513 28.000000
    endloop
  endfacet
  facet normal 0.814105 0.536046 0.223354
    outer loop
      vertex -2.839818 0.967178 29.750000
      vertex -2.968519 0.433467 31.500000
      vertex -2.429713 -0.384829 31.500000
    endloop
  endfacet
  facet normal 0.918186 0.387156 0.083934
    outer loop
      vertex -2.839818 0.967178 29.750000
      vertex -2.429713 -0.384829 31.500000
      vertex -2.459157 0.064395 29.750000
    endloop
  endfacet
  facet normal 0.960865 -0.263996 -0.083934
    outer loop
      vertex -2.459157 0.064395 29.750000
      vertex -2.429713 -0.384829 31.500000
      vertex -2.689281 -1.329575 31.500000
    endloop
  endfacet
  facet normal 0.877108 -0.425198 -0.223354
    outer loop
      vertex -2.459157 0.064395 29.750000
      vertex -2.689281 -1.329575 31.500000
      vertex -2.886544 -0.817228 29.750000
    endloop
  endfacet
  facet normal 0.702786 0.675429 0.223354
    outer loop
      vertex -2.968519 0.433467 31.500000
      vertex -2.997804 -0.114761 33.250000
      vertex -2.318898 -0.821165 33.250000
    endloop
  endfacet
  facet normal 0.832257 0.547999 0.083934
    outer loop
      vertex -2.968519 0.433467 31.500000
      vertex -2.318898 -0.821165 33.250000
      vertex -2.429713 -0.384829 31.500000
    endloop
  endfacet
  facet normal 0.992884 -0.084472 -0.083934
    outer loop
      vertex -2.429713 -0.384829 31.500000
      vertex -2.318898 -0.821165 33.250000
      vertex -2.401953 -1.797393 33.250000
    endloop
  endfacet
  facet normal 0.939907 -0.258238 -0.223354
    outer loop
      vertex -2.429713 -0.384829 31.500000
      vertex -2.401953 -1.797393 33.250000
      vertex -2.689281 -1.329575 31.500000
    endloop
  endfacet
  facet normal 0.567931 0.792192 0.223354
    outer loop
      vertex -2.997804 -0.114761 33.250000
      vertex -2.926692 -0.659146 35.000000
      vertex -2.130422 -1.230000 35.000000
    endloop
  endfacet
  facet normal 0.718456 0.690489 0.083934
    outer loop
      vertex -2.997804 -0.114761 33.250000
      vertex -2.130422 -1.230000 35.000000
      vertex -2.318898 -0.821165 33.250000
    endloop
  endfacet
  facet normal 0.991652 0.097882 -0.083934
    outer loop
      vertex -2.318898 -0.821165 33.250000
      vertex -2.130422 -1.230000 35.000000
      vertex -2.034183 -2.205017 35.000000
    endloop
  endfacet
  facet normal 0.971229 -0.082629 -0.223354
    outer loop
      vertex -2.318898 -0.821165 33.250000
      vertex -2.034183 -2.205017 35.000000
      vertex -2.401953 -1.797393 33.250000
    endloop
  endfacet
  facet normal 0.414055 0.882423 0.223354
    outer loop
      vertex -2.926692 -0.659146 35.000000
      vertex -2.757565 -1.181456 36.750000
      vertex -1.870599 -1.597642 36.750000
    endloop
  endfacet
  facet normal 0.580594 0.809855 0.083934
    outer loop
      vertex -2.926692 -0.659146 35.000000
      vertex -1.870599 -1.597642 36.750000
      vertex -2.130422 -1.230000 35.000000
    endloop
  endfacet
  facet normal 0.957209 0.276957 -0.083934
    outer loop
      vertex -2.130422 -1.230000 35.000000
      vertex -1.870599 -1.597642 36.750000
      vertex -1.598288 -2.538794 36.750000
    endloop
  endfacet
  facet normal 0.970023 0.095747 -0.223354
    outer loop
      vertex -2.130422 -1.230000 35.000000
      vertex -1.598288 -2.538794 36.750000
      vertex -2.034183 -2.205017 35.000000
    endloop
  endfacet
  facet normal 0.246313 0.943103 0.223354
    outer loop
      vertex -2.757565 -1.181456 36.750000
      vertex -2.496086 -1.664198 38.500000
      vertex -1.548128 -1.911779 38.500000
    endloop
  endfacet
  facet normal 0.423288 0.902099 0.083934
    outer loop
      vertex -2.757565 -1.181456 36.750000
      vertex -1.548128 -1.911779 38.500000
      vertex -1.870599 -1.597642 36.750000
    endloop
  endfacet
  facet normal 0.890710 0.446757 -0.083934
    outer loop
      vertex -1.870599 -1.597642 36.750000
      vertex -1.548128 -1.911779 38.500000
      vertex -1.108866 -2.787547 38.500000
    endloop
  endfacet
  facet normal 0.936332 0.270916 -0.223354
    outer loop
      vertex -1.870599 -1.597642 36.750000
      vertex -1.108866 -2.787547 38.500000
      vertex -1.598288 -2.538794 36.750000
    endloop
  endfacet
  facet normal 0.070322 0.972197 0.223354
    outer loop
      vertex -2.496086 -1.664198 38.500000
      vertex -2.151013 -2.091207 40.250000
      vertex -1.173811 -2.161890 40.250000
    endloop
  endfacet
  facet normal 0.251805 0.964131 0.083934
    outer loop
      vertex -2.496086 -1.664198 38.500000
      vertex -1.173811 -2.161890 40.250000
      vertex -1.548128 -1.911779 38.500000
    endloop
  endfacet
  facet normal 0.794380 0.601595 -0.083934
    outer loop
      vertex -1.548128 -1.911779 38.500000
      vertex -1.173811 -2.161890 40.250000
      vertex -0.582308 -2.942944 40.250000
    endloop
  endfacet
  facet normal 0.871282 0.437012 -0.223354
    outer loop
      vertex -1.548128 -1.911779 38.500000
      vertex -0.582308 -2.942944 40.250000
      vertex -1.108866 -2.787547 38.500000
    endloop
  endfacet
  facet normal -0.108025 0.968733 0.223354
    outer loop
      vertex -2.151013 -2.091207 40.250000
      vertex -1.733902 -2.448180 42.000000
      vertex -0.760182 -2.339599 42.000000
    endloop
  endfacet
  facet normal 0.071890 0.993875 0.083934
    outer loop
      vertex -2.151013 -2.091207 40.250000
      vertex -0.760182 -2.339599 42.000000
      vertex -1.173811 -2.161890 40.250000
    endloop
  endfacet
  facet normal 0.671446 0.736285 -0.083934
    outer loop
      vertex -1.173811 -2.161890 40.250000
      vertex -0.760182 -2.339599 42.000000
      vertex -0.036248 -2.999781 42.000000
    endloop
  endfacet
  facet normal 0.777053 0.588473 -0.223354
    outer loop
      vertex -1.173811 -2.161890 40.250000
      vertex -0.036248 -2.999781 42.000000
      vertex -0.582308 -2.942944 40.250000
    endloop
  endfacet
  facet normal 0.557173 -0.799794 0.223354
    outer loop
      vertex 0.892509 2.864163 0.000000
      vertex 0.355612 2.978849 1.750000
      vertex -0.448299 2.418807 1.750000
    endloop
  endfacet
  facet normal 0.411058 -0.907737 0.083934
    outer loop
      vertex 0.892509 2.864163 0.000000
      vertex -0.448299 2.418807 1.750000
      vertex 0.000000 2.460000 0.000000
    endloop
  endfacet
  facet normal -0.238753 -0.967446 -0.083934
    outer loop
      vertex 0.000000 2.460000 0.000000
      vertex -0.448299 2.418807 1.750000
      vertex -1.399516 2.653555 1.750000
    endloop
  endfacet
  facet normal -0.402093 -0.887938 -0.223354
    outer loop
      vertex 0.000000 2.460000 0.000000
      vertex -1.399516 2.653555 1.750000
      vertex -0.892509 2.864163 0.000000
    endloop
  endfacet
  facet normal 0.693594 -0.684865 0.223354
    outer loop
      vertex 0.355612 2.978849 1.750000
      vertex -0.193195 2.993773 3.500000
      vertex -0.881585 2.296608 3.500000
    endloop
  endfacet
  facet normal 0.569597 -0.817627 0.083934
    outer loop
      vertex 0.355612 2.978849 1.750000
      vertex -0.881585 2.296608 3.500000
      vertex -0.448299 2.418807 1.750000
    endloop
  endfacet
  facet normal -0.058452 -0.994755 -0.083934
    outer loop
      vertex -0.448299 2.418807 1.750000
      vertex -0.881585 2.296608 3.500000
      vertex -1.859653 2.354079 3.500000
    endloop
  endfacet
  facet normal -0.233546 -0.946345 -0.223354
    outer loop
      vertex -0.448299 2.418807 1.750000
      vertex -1.859653 2.354079 3.500000
      vertex -1.399516 2.653555 1.750000
    endloop
  endfacet
  facet normal 0.806787 -0.546999 0.223354
    outer loop
      vertex -0.193195 2.993773 3.500000
      vertex -0.735532 2.908435 5.250000
      vertex -1.285346 2.097495 5.250000
    endloop
  endfacet
  facet normal 0.709060 -0.700135 0.083934
    outer loop
      vertex -0.193195 2.993773 3.500000
      vertex -1.285346 2.097495 5.250000
      vertex -0.881585 2.296608 3.500000
    endloop
  endfacet
  facet normal 0.123806 -0.988750 -0.083934
    outer loop
      vertex -0.881585 2.296608 3.500000
      vertex -1.285346 2.097495 5.250000
      vertex -2.257510 1.975765 5.250000
    endloop
  endfacet
  facet normal -0.057177 -0.973059 -0.223354
    outer loop
      vertex -0.881585 2.296608 3.500000
      vertex -2.257510 1.975765 5.250000
      vertex -1.859653 2.354079 3.500000
    endloop
  endfacet
  facet normal 0.892960 -0.390814 0.223354
    outer loop
      vertex -0.735532 2.908435 5.250000
      vertex -1.253235 2.725693 7.000000
      vertex -1.646061 1.828136 7.000000
    endloop
  endfacet
  facet normal 0.824776 -0.559196 0.083934
    outer loop
      vertex -0.735532 2.908435 5.250000
      vertex -1.646061 1.828136 7.000000
      vertex -1.285346 2.097495 5.250000
    endloop
  endfacet
  facet normal 0.301919 -0.949632 -0.083934
    outer loop
      vertex -1.285346 2.097495 5.250000
      vertex -1.646061 1.828136 7.000000
      vertex -2.579762 1.531282 7.000000
    endloop
  endfacet
  facet normal 0.121106 -0.967185 -0.223354
    outer loop
      vertex -1.285346 2.097495 5.250000
      vertex -2.579762 1.531282 7.000000
      vertex -2.257510 1.975765 5.250000
    endloop
  endfacet
  facet normal 0.949227 -0.221541 0.223354
    outer loop
      vertex -1.253235 2.725693 7.000000
      vertex -1.728968 2.451667 8.750000
      vertex -1.951649 1.497553 8.750000
    endloop
  endfacet
  facet normal 0.912870 -0.399528 0.083934
    outer loop
      vertex -1.253235 2.725693 7.000000
      vertex -1.951649 1.497553 8.750000
      vertex -1.646061 1.828136 7.000000
    endloop
  endfacet
  facet normal 0.469920 -0.878710 -0.083934
    outer loop
      vertex -1.646061 1.828136 7.000000
      vertex -1.951649 1.497553 8.750000
      vertex -2.815618 1.035517 8.750000
    endloop
  endfacet
  facet normal 0.295334 -0.928919 -0.223354
    outer loop
      vertex -1.646061 1.828136 7.000000
      vertex -2.815618 1.035517 8.750000
      vertex -2.579762 1.531282 7.000000
    endloop
  endfacet
  facet normal 0.973705 -0.044848 0.223354
    outer loop
      vertex -1.728968 2.451667 8.750000
      vertex -2.146797 2.095534 10.500000
      vertex -2.191876 1.116817 10.500000
    endloop
  endfacet
  facet normal 0.970392 -0.226481 0.083934
    outer loop
      vertex -1.728968 2.451667 8.750000
      vertex -2.191876 1.116817 10.500000
      vertex -1.951649 1.497553 8.750000
    endloop
  endfacet
  facet normal 0.622183 -0.778359 -0.083934
    outer loop
      vertex -1.951649 1.497553 8.750000
      vertex -2.191876 1.116817 10.500000
      vertex -2.957178 0.505071 10.500000
    endloop
  endfacet
  facet normal 0.459670 -0.859544 -0.223354
    outer loop
      vertex -1.951649 1.497553 8.750000
      vertex -2.957178 0.505071 10.500000
      vertex -2.815618 1.035517 8.750000
    endloop
  endfacet
  facet normal 0.965573 0.133346 0.223354
    outer loop
      vertex -2.146797 2.095534 10.500000
      vertex -2.492729 1.669222 12.250000
      vertex -2.358697 0.698678 12.250000
    endloop
  endfacet
  facet normal 0.995416 -0.045848 0.083934
    outer loop
      vertex -2.146797 2.095534 10.500000
      vertex -2.358697 0.698678 12.250000
      vertex -2.191876 1.116817 10.500000
    endloop
  endfacet
  facet normal 0.753609 -0.651942 -0.083934
    outer loop
      vertex -2.191876 1.116817 10.500000
      vertex -2.358697 0.698678 12.250000
      vertex -2.999702 -0.042289 12.250000
    endloop
  endfacet
  facet normal 0.608612 -0.761383 -0.223354
    outer loop
      vertex -2.191876 1.116817 10.500000
      vertex -2.999702 -0.042289 12.250000
      vertex -2.957178 0.505071 10.500000
    endloop
  endfacet
  facet normal 0.925104 0.307075 0.223354
    outer loop
      vertex -2.492729 1.669222 12.250000
      vertex -2.755180 1.187006 14.000000
      vertex -2.446524 0.257140 14.000000
    endloop
  endfacet
  facet normal 0.987103 0.136320 0.083934
    outer loop
      vertex -2.492729 1.669222 12.250000
      vertex -2.446524 0.257140 14.000000
      vertex -2.358697 0.698678 12.250000
    endloop
  endfacet
  facet normal 0.859797 -0.503691 -0.083934
    outer loop
      vertex -2.358697 0.698678 12.250000
      vertex -2.446524 0.257140 14.000000
      vertex -2.941765 -0.588233 14.000000
    endloop
  endfacet
  facet normal 0.737172 -0.637722 -0.223354
    outer loop
      vertex -2.358697 0.698678 12.250000
      vertex -2.941765 -0.588233 14.000000
      vertex -2.999702 -0.042289 12.250000
    endloop
  endfacet
  facet normal 0.853653 0.470520 0.223354
    outer loop
      vertex -2.755180 1.187006 14.000000
      vertex -2.925359 0.665038 15.750000
      vertex -2.452417 -0.193009 15.750000
    endloop
  endfacet
  facet normal 0.945731 0.313922 0.083934
    outer loop
      vertex -2.755180 1.187006 14.000000
      vertex -2.452417 -0.193009 15.750000
      vertex -2.446524 0.257140 14.000000
    endloop
  endfacet
  facet normal 0.937190 -0.338571 -0.083934
    outer loop
      vertex -2.446524 0.257140 14.000000
      vertex -2.452417 -0.193009 15.750000
      vertex -2.785308 -1.114477 15.750000
    endloop
  endfacet
  facet normal 0.841044 -0.492705 -0.223354
    outer loop
      vertex -2.446524 0.257140 14.000000
      vertex -2.785308 -1.114477 15.750000
      vertex -2.941765 -0.588233 14.000000
    endloop
  endfacet
  facet normal 0.753613 0.618207 0.223354
    outer loop
      vertex -2.925359 0.665038 15.750000
      vertex -2.997567 0.120798 17.500000
      vertex -2.376178 -0.636695 17.500000
    endloop
  endfacet
  facet normal 0.872687 0.481011 0.083934
    outer loop
      vertex -2.925359 0.665038 15.750000
      vertex -2.376178 -0.636695 17.500000
      vertex -2.452417 -0.193009 15.750000
    endloop
  endfacet
  facet normal 0.983196 -0.162112 -0.083934
    outer loop
      vertex -2.452417 -0.193009 15.750000
      vertex -2.376178 -0.636695 17.500000
      vertex -2.535570 -1.603397 17.500000
    endloop
  endfacet
  facet normal 0.916749 -0.331186 -0.223354
    outer loop
      vertex -2.452417 -0.193009 15.750000
      vertex -2.535570 -1.603397 17.500000
      vertex -2.785308 -1.114477 15.750000
    endloop
  endfacet
  facet normal 0.628335 0.745190 0.223354
    outer loop
      vertex -2.997567 0.120798 17.500000
      vertex -2.969386 -0.427488 19.250000
      vertex -2.220360 -1.059057 19.250000
    endloop
  endfacet
  facet normal 0.770417 0.631991 0.083934
    outer loop
      vertex -2.997567 0.120798 17.500000
      vertex -2.220360 -1.059057 19.250000
      vertex -2.376178 -0.636695 17.500000
    endloop
  endfacet
  facet normal 0.996275 0.019776 -0.083934
    outer loop
      vertex -2.376178 -0.636695 17.500000
      vertex -2.220360 -1.059057 19.250000
      vertex -2.200916 -2.038619 19.250000
    endloop
  endfacet
  facet normal 0.961752 -0.158576 -0.223354
    outer loop
      vertex -2.376178 -0.636695 17.500000
      vertex -2.200916 -2.038619 19.250000
      vertex -2.535570 -1.603397 17.500000
    endloop
  endfacet
  facet normal 0.482013 0.847217 0.223354
    outer loop
      vertex -2.969386 -0.427488 19.250000
      vertex -2.841760 -0.961457 21.000000
      vertex -1.990182 -1.445952 21.000000
    endloop
  endfacet
  facet normal 0.642345 0.761806 0.083934
    outer loop
      vertex -2.969386 -0.427488 19.250000
      vertex -1.990182 -1.445952 21.000000
      vertex -2.220360 -1.059057 19.250000
    endloop
  endfacet
  facet normal 0.975989 0.201001 -0.083934
    outer loop
      vertex -2.220360 -1.059057 19.250000
      vertex -1.990182 -1.445952 21.000000
      vertex -1.792552 -2.405568 21.000000
    endloop
  endfacet
  facet normal 0.974545 0.019344 -0.223354
    outer loop
      vertex -2.220360 -1.059057 19.250000
      vertex -1.792552 -2.405568 21.000000
      vertex -2.200916 -2.038619 19.250000
    endloop
  endfacet
  facet normal 0.319549 0.920870 0.223354
    outer loop
      vertex -2.841760 -0.961457 21.000000
      vertex -2.618963 -1.463227 22.750000
      vertex -1.693352 -1.784421 22.750000
    endloop
  endfacet
  facet normal 0.492761 0.866107 0.083934
    outer loop
      vertex -2.841760 -0.961457 21.000000
      vertex -1.693352 -1.784421 22.750000
      vertex -1.990182 -1.445952 21.000000
    endloop
  endfacet
  facet normal 0.923016 0.375495 -0.083934
    outer loop
      vertex -1.990182 -1.445952 21.000000
      vertex -1.693352 -1.784421 22.750000
      vertex -1.324156 -2.691953 22.750000
    endloop
  endfacet
  facet normal 0.954701 0.196617 -0.223354
    outer loop
      vertex -1.990182 -1.445952 21.000000
      vertex -1.324156 -2.691953 22.750000
      vertex -1.792552 -2.405568 21.000000
    endloop
  endfacet
  facet normal 0.146382 0.963683 0.223354
    outer loop
      vertex -2.618963 -1.463227 22.750000
      vertex -2.308456 -1.915994 24.500000
      vertex -1.339812 -2.063130 24.500000
    endloop
  endfacet
  facet normal 0.326674 0.941403 0.083934
    outer loop
      vertex -2.618963 -1.463227 22.750000
      vertex -1.339812 -2.063130 24.500000
      vertex -1.693352 -1.784421 22.750000
    endloop
  endfacet
  facet normal 0.839131 0.537414 -0.083934
    outer loop
      vertex -1.693352 -1.784421 22.750000
      vertex -1.339812 -2.063130 24.500000
      vertex -0.811414 -2.888184 24.500000
    endloop
  endfacet
  facet normal 0.902884 0.367305 -0.223354
    outer loop
      vertex -1.693352 -1.784421 22.750000
      vertex -0.811414 -2.888184 24.500000
      vertex -1.324156 -2.691953 22.750000
    endloop
  endfacet
  facet normal -0.031686 0.974222 0.223354
    outer loop
      vertex -2.308456 -1.915994 24.500000
      vertex -1.920639 -2.304593 26.250000
      vertex -0.941401 -2.272744 26.250000
    endloop
  endfacet
  facet normal 0.149646 0.985171 0.083934
    outer loop
      vertex -2.308456 -1.915994 24.500000
      vertex -0.941401 -2.272744 26.250000
      vertex -1.339812 -2.063130 24.500000
    endloop
  endfacet
  facet normal 0.727144 0.681334 -0.083934
    outer loop
      vertex -1.339812 -2.063130 24.500000
      vertex -0.941401 -2.272744 26.250000
      vertex -0.271497 -2.987690 26.250000
    endloop
  endfacet
  facet normal 0.820829 0.525692 -0.223354
    outer loop
      vertex -1.339812 -2.063130 24.500000
      vertex -0.271497 -2.987690 26.250000
      vertex -0.811414 -2.888184 24.500000
    endloop
  endfacet
  facet normal -0.208693 0.952134 0.223354
    outer loop
      vertex -1.920639 -2.304593 26.250000
      vertex -1.468499 -2.616011 28.000000
      vertex -0.511463 -2.406243 28.000000
    endloop
  endfacet
  facet normal -0.032392 0.995945 0.083934
    outer loop
      vertex -1.920639 -2.304593 26.250000
      vertex -0.511463 -2.406243 28.000000
      vertex -0.941401 -2.272744 26.250000
    endloop
  endfacet
  facet normal 0.590805 0.802437 -0.083934
    outer loop
      vertex -0.941401 -2.272744 26.250000
      vertex -0.511463 -2.406243 28.000000
      vertex 0.277513 -2.987137 28.000000
    endloop
  endfacet
  facet normal 0.711284 0.666474 -0.223354
    outer loop
      vertex -0.941401 -2.272744 26.250000
      vertex 0.277513 -2.987137 28.000000
      vertex -0.271497 -2.987690 26.250000
    endloop
  endfacet
  facet normal -0.378711 0.898159 0.223354
    outer loop
      vertex -1.468499 -2.616011 28.000000
      vertex -0.967178 -2.839818 29.750000
      vertex -0.064395 -2.459157 29.750000
    endloop
  endfacet
  facet normal -0.213347 0.973364 0.083934
    outer loop
      vertex -1.468499 -2.616011 28.000000
      vertex -0.064395 -2.459157 29.750000
      vertex -0.511463 -2.406243 28.000000
    endloop
  endfacet
  facet normal 0.434679 0.896666 -0.083934
    outer loop
      vertex -0.511463 -2.406243 28.000000
      vertex -0.064395 -2.459157 29.750000
      vertex 0.817228 -2.886544 29.750000
    endloop
  endfacet
  facet normal 0.577919 0.784935 -0.223354
    outer loop
      vertex -0.511463 -2.406243 28.000000
      vertex 0.817228 -2.886544 29.750000
      vertex 0.277513 -2.987137 28.000000
    endloop
  endfacet
  facet normal -0.536046 0.814105 0.223354
    outer loop
      vertex -0.967178 -2.839818 29.750000
      vertex -0.433467 -2.968519 31.500000
      vertex 0.384829 -2.429713 31.500000
    endloop
  endfacet
  facet normal -0.387156 0.918186 0.083934
    outer loop
      vertex -0.967178 -2.839818 29.750000
      vertex 0.384829 -2.429713 31.500000
      vertex -0.064395 -2.459157 29.750000
    endloop
  endfacet
  facet normal 0.263996 0.960865 -0.083934
    outer loop
      vertex -0.064395 -2.459157 29.750000
      vertex 0.384829 -2.429713 31.500000
      vertex 1.329575 -2.689281 31.500000
    endloop
  endfacet
  facet normal 0.425198 0.877108 -0.223354
    outer loop
      vertex -0.064395 -2.459157 29.750000
      vertex 1.329575 -2.689281 31.500000
      vertex 0.817228 -2.886544 29.750000
    endloop
  endfacet
  facet normal -0.675429 0.702786 0.223354
    outer loop
      vertex -0.433467 -2.968519 31.500000
      vertex 0.114761 -2.997804 33.250000
      vertex 0.821165 -2.318898 33.250000
    endloop
  endfacet
  facet normal -0.547999 0.832257 0.083934
    outer loop
      vertex -0.433467 -2.968519 31.500000
      vertex 0.821165 -2.318898 33.250000
      vertex 0.384829 -2.429713 31.500000
    endloop
  endfacet
  facet normal 0.084472 0.992884 -0.083934
    outer loop
      vertex 0.384829 -2.429713 31.500000
      vertex 0.821165 -2.318898 33.250000
      vertex 1.797393 -2.401953 33.250000
    endloop
  endfacet
  facet normal 0.258238 0.939907 -0.223354
    outer loop
      vertex 0.384829 -2.429713 31.500000
      vertex 1.797393 -2.401953 33.250000
      vertex 1.329575 -2.689281 31.500000
    endloop
  endfacet
  facet normal -0.792192 0.567931 0.223354
    outer loop
      vertex 0.114761 -2.997804 33.250000
      vertex 0.659146 -2.926692 35.000000
      vertex 1.230000 -2.130422 35.000000
    endloop
  endfacet
  facet normal -0.690489 0.718456 0.083934
    outer loop
      vertex 0.114761 -2.997804 33.250000
      vertex 1.230000 -2.130422 35.000000
      vertex 0.821165 -2.318898 33.250000
    endloop
  endfacet
  facet normal -0.097882 0.991652 -0.083934
    outer loop
      vertex 0.821165 -2.318898 33.250000
      vertex 1.230000 -2.130422 35.000000
      vertex 2.205017 -2.034183 35.000000
    endloop
  endfacet
  facet normal 0.082629 0.971229 -0.223354
    outer loop
      vertex 0.821165 -2.318898 33.250000
      vertex 2.205017 -2.034183 35.000000
      vertex 1.797393 -2.401953 33.250000
    endloop
  endfacet
  facet normal -0.882423 0.414055 0.223354
    outer loop
      vertex 0.659146 -2.926692 35.000000
      vertex 1.181456 -2.757565 36.750000
      vertex 1.597642 -1.870599 36.750000
    endloop
  endfacet
  facet normal -0.809855 0.580594 0.083934
    outer loop
      vertex 0.659146 -2.926692 35.000000
      vertex 1.597642 -1.870599 36.750000
      vertex 1.230000 -2.130422 35.000000
    endloop
  endfacet
  facet normal -0.276957 0.957209 -0.083934
    outer loop
      vertex 1.230000 -2.130422 35.000000
      vertex 1.597642 -1.870599 36.750000
      vertex 2.538794 -1.598288 36.750000
    endloop
  endfacet
  facet normal -0.095747 0.970023 -0.223354
    outer loop
      vertex 1.230000 -2.130422 35.000000
      vertex 2.538794 -1.598288 36.750000
      vertex 2.205017 -2.034183 35.000000
    endloop
  endfacet
  facet normal -0.943103 0.246313 0.223354
    outer loop
      vertex 1.181456 -2.757565 36.750000
      vertex 1.664198 -2.496086 38.500000
      vertex 1.911779 -1.548128 38.500000
    endloop
  endfacet
  facet normal -0.902099 0.423288 0.083934
    outer loop
      vertex 1.181456 -2.757565 36.750000
      vertex 1.911779 -1.548128 38.500000
      vertex 1.597642 -1.870599 36.750000
    endloop
  endfacet
  facet normal -0.446757 0.890710 -0.083934
    outer loop
      vertex 1.597642 -1.870599 36.750000
      vertex 1.911779 -1.548128 38.500000
      vertex 2.787547 -1.108866 38.500000
    endloop
  endfacet
  facet normal -0.270916 0.936332 -0.223354
    outer loop
      vertex 1.597642 -1.870599 36.750000
      vertex 2.787547 -1.108866 38.500000
      vertex 2.538794 -1.598288 36.750000
    endloop
  endfacet
  facet normal -0.972197 0.070322 0.223354
    outer loop
      vertex 1.664198 -2.496086 38.500000
      vertex 2.091207 -2.151013 40.250000
      vertex 2.161890 -1.173811 40.250000
    endloop
  endfacet
  facet normal -0.964131 0.251805 0.083934
    outer loop
      vertex 1.664198 -2.496086 38.500000
      vertex 2.161890 -1.173811 40.250000
      vertex 1.911779 -1.548128 38.500000
    endloop
  endfacet
  facet normal -0.601595 0.794380 -0.083934
    outer loop
      vertex 1.911779 -1.548128 38.500000
      vertex 2.161890 -1.173811 40.250000
      vertex 2.942944 -0.582308 40.250000
    endloop
  endfacet
  facet normal -0.437012 0.871282 -0.223354
    outer loop
      vertex 1.911779 -1.548128 38.500000
      vertex 2.942944 -0.582308 40.250000
      vertex 2.787547 -1.108866 38.500000
    endloop
  endfacet
  facet normal -0.968733 -0.108025 0.223354
    outer loop
      vertex 2.091207 -2.151013 40.250000
      vertex 2.448180 -1.733902 42.000000
      vertex 2.339599 -0.760182 42.000000
    endloop
  endfacet
  facet normal -0.993875 0.071890 0.083934
    outer loop
      vertex 2.091207 -2.151013 40.250000
      vertex 2.339599 -0.760182 42.000000
      vertex 2.161890 -1.173811 40.250000
    endloop
  endfacet
  facet normal -0.736285 0.671446 -0.083934
    outer loop
      vertex 2.161890 -1.173811 40.250000
      vertex 2.339599 -0.760182 42.000000
      vertex 2.999781 -0.036248 42.000000
    endloop
  endfacet
  facet normal -0.588473 0.777053 -0.223354
    outer loop
      vertex 2.161890 -1.173811 40.250000
      vertex 2.999781 -0.036248 42.000000
      vertex 2.942944 -0.582308 40.250000
    endloop
  endfacet
  facet normal 0.799794 0.557173 0.223354
    outer loop
      vertex -2.864163 0.892509 0.000000
      vertex -2.978849 0.355612 1.750000
      vertex -2.418807 -0.448299 1.750000
    endloop
  endfacet
  facet normal 0.907737 0.411058 0.083934
    outer loop
      vertex -2.864163 0.892509 0.000000
      vertex -2.418807 -0.448299 1.750000
      vertex -2.460000 0.000000 0.000000
    endloop
  endfacet
  facet normal 0.967446 -0.238753 -0.083934
    outer loop
      vertex -2.460000 0.000000 0.000000
      vertex -2.418807 -0.448299 1.750000
      vertex -2.653555 -1.399516 1.750000
    endloop
  endfacet
  facet normal 0.887938 -0.402093 -0.223354
    outer loop
      vertex -2.460000 0.000000 0.000000
      vertex -2.653555 -1.399516 1.750000
      vertex -2.864163 -0.892509 0.000000
    endloop
  endfacet
  facet normal 0.684865 0.693594 0.223354
    outer loop
      vertex -2.978849 0.355612 1.750000
      vertex -2.993773 -0.193195 3.500000
      vertex -2.296608 -0.881585 3.500000
    endloop
  endfacet
  facet normal 0.817627 0.569597 0.083934
    outer loop
      vertex -2.978849 0.355612 1.750000
      vertex -2.296608 -0.881585 3.500000
      vertex -2.418807 -0.448299 1.750000
    endloop
  endfacet
  facet normal 0.994755 -0.058452 -0.083934
    outer loop
      vertex -2.418807 -0.448299 1.750000
      vertex -2.296608 -0.881585 3.500000
      vertex -2.354079 -1.859653 3.500000
    endloop
  endfacet
  facet normal 0.946345 -0.233546 -0.223354
    outer loop
      vertex -2.418807 -0.448299 1.750000
      vertex -2.354079 -1.859653 3.500000
      vertex -2.653555 -1.399516 1.750000
    endloop
  endfacet
  facet normal 0.546999 0.806787 0.223354
    outer loop
      vertex -2.993773 -0.193195 3.500000
      vertex -2.908435 -0.735532 5.250000
      vertex -2.097495 -1.285346 5.250000
    endloop
  endfacet
  facet normal 0.700135 0.709060 0.083934
    outer loop
      vertex -2.993773 -0.193195 3.500000
      vertex -2.097495 -1.285346 5.250000
      vertex -2.296608 -0.881585 3.500000
    endloop
  endfacet
  facet normal 0.988750 0.123806 -0.083934
    outer loop
      vertex -2.296608 -0.881585 3.500000
      vertex -2.097495 -1.285346 5.250000
      vertex -1.975765 -2.257510 5.250000
    endloop
  endfacet
  facet normal 0.973059 -0.057177 -0.223354
    outer loop
      vertex -2.296608 -0.881585 3.500000
      vertex -1.975765 -2.257510 5.250000
      vertex -2.354079 -1.859653 3.500000
    endloop
  endfacet
  facet normal 0.390814 0.892960 0.223354
    outer loop
      vertex -2.908435 -0.735532 5.250000
      vertex -2.725693 -1.253235 7.000000
      vertex -1.828136 -1.646061 7.000000
    endloop
  endfacet
  facet normal 0.559196 0.824776 0.083934
    outer loop
      vertex -2.908435 -0.735532 5.250000
      vertex -1.828136 -1.646061 7.000000
      vertex -2.097495 -1.285346 5.250000
    endloop
  endfacet
  facet normal 0.949632 0.301919 -0.083934
    outer loop
      vertex -2.097495 -1.285346 5.250000
      vertex -1.828136 -1.646061 7.000000
      vertex -1.531282 -2.579762 7.000000
    endloop
  endfacet
  facet normal 0.967185 0.121106 -0.223354
    outer loop
      vertex -2.097495 -1.285346 5.250000
      vertex -1.531282 -2.579762 7.000000
      vertex -1.975765 -2.257510 5.250000
    endloop
  endfacet
  facet normal 0.221541 0.949227 0.223354
    outer loop
      vertex -2.725693 -1.253235 7.000000
      vertex -2.451667 -1.728968 8.750000
      vertex -1.497553 -1.951649 8.750000
    endloop
  endfacet
  facet normal 0.399528 0.912870 0.083934
    outer loop
      vertex -2.725693 -1.253235 7.000000
      vertex -1.497553 -1.951649 8.750000
      vertex -1.828136 -1.646061 7.000000
    endloop
  endfacet
  facet normal 0.878710 0.469920 -0.083934
    outer loop
      vertex -1.828136 -1.646061 7.000000
      vertex -1.497553 -1.951649 8.750000
      vertex -1.035517 -2.815618 8.750000
    endloop
  endfacet
  facet normal 0.928919 0.295334 -0.223354
    outer loop
      vertex -1.828136 -1.646061 7.000000
      vertex -1.035517 -2.815618 8.750000
      vertex -1.531282 -2.579762 7.000000
    endloop
  endfacet
  facet normal 0.044848 0.973705 0.223354
    outer loop
      vertex -2.451667 -1.728968 8.750000
      vertex -2.095534 -2.146797 10.500000
      vertex -1.116817 -2.191876 10.500000
    endloop
  endfacet
  facet normal 0.226481 0.970392 0.083934
    outer loop
      vertex -2.451667 -1.728968 8.750000
      vertex -1.116817 -2.191876 10.500000
      vertex -1.497553 -1.951649 8.750000
    endloop
  endfacet
  facet normal 0.778359 0.622183 -0.083934
    outer loop
      vertex -1.497553 -1.951649 8.750000
      vertex -1.116817 -2.191876 10.500000
      vertex -0.505071 -2.957178 10.500000
    endloop
  endfacet
  facet normal 0.859544 0.459670 -0.223354
    outer loop
      vertex -1.497553 -1.951649 8.750000
      vertex -0.505071 -2.957178 10.500000
      vertex -1.035517 -2.815618 8.750000
    endloop
  endfacet
  facet normal -0.133346 0.965573 0.223354
    outer loop
      vertex -2.095534 -2.146797 10.500000
      vertex -1.669222 -2.492729 12.250000
      vertex -0.698678 -2.358697 12.250000
    endloop
  endfacet
  facet normal 0.045848 0.995416 0.083934
    outer loop
      vertex -2.095534 -2.146797 10.500000
      vertex -0.698678 -2.358697 12.250000
      vertex -1.116817 -2.191876 10.500000
    endloop
  endfacet
  facet normal 0.651942 0.753609 -0.083934
    outer loop
      vertex -1.116817 -2.191876 10.500000
      vertex -0.698678 -2.358697 12.250000
      vertex 0.042289 -2.999702 12.250000
    endloop
  endfacet
  facet normal 0.761383 0.608612 -0.223354
    outer loop
      vertex -1.116817 -2.191876 10.500000
      vertex 0.042289 -2.999702 12.250000
      vertex -0.505071 -2.957178 10.500000
    endloop
  endfacet
  facet normal -0.307075 0.925104 0.223354
    outer loop
      vertex -1.669222 -2.492729 12.250000
      vertex -1.187006 -2.755180 14.000000
      vertex -0.257140 -2.446524 14.000000
    endloop
  endfacet
  facet normal -0.136320 0.987103 0.083934
    outer loop
      vertex -1.669222 -2.492729 12.250000
      vertex -0.257140 -2.446524 14.000000
      vertex -0.698678 -2.358697 12.250000
    endloop
  endfacet
  facet normal 0.503691 0.859797 -0.083934
    outer loop
      vertex -0.698678 -2.358697 12.250000
      vertex -0.257140 -2.446524 14.000000
      vertex 0.588233 -2.941765 14.000000
    endloop
  endfacet
  facet normal 0.637722 0.737172 -0.223354
    outer loop
      vertex -0.698678 -2.358697 12.250000
      vertex 0.588233 -2.941765 14.000000
      vertex 0.042289 -2.999702 12.250000
    endloop
  endfacet
  facet normal -0.470520 0.853653 0.223354
    outer loop
      vertex -1.187006 -2.755180 14.000000
      vertex -0.665038 -2.925359 15.750000
      vertex 0.193009 -2.452417 15.750000
    endloop
  endfacet
  facet normal -0.313922 0.945731 0.083934
    outer loop
      vertex -1.187006 -2.755180 14.000000
      vertex 0.193009 -2.452417 15.750000
      vertex -0.257140 -2.446524 14.000000
    endloop
  endfacet
  facet normal 0.338571 0.937190 -0.083934
    outer loop
      vertex -0.257140 -2.446524 14.000000
      vertex 0.193009 -2.452417 15.750000
      vertex 1.114477 -2.785308 15.750000
    endloop
  endfacet
  facet normal 0.492705 0.841044 -0.223354
    outer loop
      vertex -0.257140 -2.446524 14.000000
      vertex 1.114477 -2.785308 15.750000
      vertex 0.588233 -2.941765 14.000000
    endloop
  endfacet
  facet normal -0.618207 0.753613 0.223354
    outer loop
      vertex -0.665038 -2.925359 15.750000
      vertex -0.120798 -2.997567 17.500000
      vertex 0.636695 -2.376178 17.500000
    endloop
  endfacet
  facet normal -0.481011 0.872687 0.083934
    outer loop
      vertex -0.665038 -2.925359 15.750000
      vertex 0.636695 -2.376178 17.500000
      vertex 0.193009 -2.452417 15.750000
    endloop
  endfacet
  facet normal 0.162112 0.983196 -0.083934
    outer loop
      vertex 0.193009 -2.452417 15.750000
      vertex 0.636695 -2.376178 17.500000
      vertex 1.603397 -2.535570 17.500000
    endloop
  endfacet
  facet normal 0.331186 0.916749 -0.223354
    outer loop
      vertex 0.193009 -2.452417 15.750000
      vertex 1.603397 -2.535570 17.500000
      vertex 1.114477 -2.785308 15.750000
    endloop
  endfacet
  facet normal -0.745190 0.628335 0.223354
    outer loop
      vertex -0.120798 -2.997567 17.500000
      vertex 0.427488 -2.969386 19.250000
      vertex 1.059057 -2.220360 19.250000
    endloop
  endfacet
  facet normal -0.631991 0.770417 0.083934
    outer loop
      vertex -0.120798 -2.997567 17.500000
      vertex 1.059057 -2.220360 19.250000
      vertex 0.636695 -2.376178 17.500000
    endloop
  endfacet
  facet normal -0.019776 0.996275 -0.083934
    outer loop
      vertex 0.636695 -2.376178 17.500000
      vertex 1.059057 -2.220360 19.250000
      vertex 2.038619 -2.200916 19.250000
    endloop
  endfacet
  facet normal 0.158576 0.961752 -0.223354
    outer loop
      vertex 0.636695 -2.376178 17.500000
      vertex 2.038619 -2.200916 19.250000
      vertex 1.603397 -2.535570 17.500000
    endloop
  endfacet
  facet normal -0.847217 0.482013 0.223354
    outer loop
      vertex 0.427488 -2.969386 19.250000
      vertex 0.961457 -2.841760 21.000000
      vertex 1.445952 -1.990182 21.000000
    endloop
  endfacet
  facet normal -0.761806 0.642345 0.083934
    outer loop
      vertex 0.427488 -2.969386 19.250000
      vertex 1.445952 -1.990182 21.000000
      vertex 1.059057 -2.220360 19.250000
    endloop
  endfacet
  facet normal -0.201001 0.975989 -0.083934
    outer loop
      vertex 1.059057 -2.220360 19.250000
      vertex 1.445952 -1.990182 21.000000
      vertex 2.405568 -1.792552 21.000000
    endloop
  endfacet
  facet normal -0.019344 0.974545 -0.223354
    outer loop
      vertex 1.059057 -2.220360 19.250000
      vertex 2.405568 -1.792552 21.000000
      vertex 2.038619 -2.200916 19.250000
    endloop
  endfacet
  facet normal -0.920870 0.319549 0.223354
    outer loop
      vertex 0.961457 -2.841760 21.000000
      vertex 1.463227 -2.618963 22.750000
      vertex 1.784421 -1.693352 22.750000
    endloop
  endfacet
  facet normal -0.866107 0.492761 0.083934
    outer loop
      vertex 0.961457 -2.841760 21.000000
      vertex 1.784421 -1.693352 22.750000
      vertex 1.445952 -1.990182 21.000000
    endloop
  endfacet
  facet normal -0.375495 0.923016 -0.083934
    outer loop
      vertex 1.445952 -1.990182 21.000000
      vertex 1.784421 -1.693352 22.750000
      vertex 2.691953 -1.324156 22.750000
    endloop
  endfacet
  facet normal -0.196617 0.954701 -0.223354
    outer loop
      vertex 1.445952 -1.990182 21.000000
      vertex 2.691953 -1.324156 22.750000
      vertex 2.405568 -1.792552 21.000000
    endloop
  endfacet
  facet normal -0.963683 0.146382 0.223354
    outer loop
      vertex 1.463227 -2.618963 22.750000
      vertex 1.915994 -2.308456 24.500000
      vertex 2.063130 -1.339812 24.500000
    endloop
  endfacet
  facet normal -0.941403 0.326674 0.083934
    outer loop
      vertex 1.463227 -2.618963 22.750000
      vertex 2.063130 -1.339812 24.500000
      vertex 1.784421 -1.693352 22.750000
    endloop
  endfacet
  facet normal -0.537414 0.839131 -0.083934
    outer loop
      vertex 1.784421 -1.693352 22.750000
      vertex 2.063130 -1.339812 24.500000
      vertex 2.888184 -0.811414 24.500000
    endloop
  endfacet
  facet normal -0.367305 0.902884 -0.223354
    outer loop
      vertex 1.784421 -1.693352 22.750000
      vertex 2.888184 -0.811414 24.500000
      vertex 2.691953 -1.324156 22.750000
    endloop
  endfacet
  facet normal -0.974222 -0.031686 0.223354
    outer loop
      vertex 1.915994 -2.308456 24.500000
      vertex 2.304593 -1.920639 26.250000
      vertex 2.272744 -0.941401 26.250000
    endloop
  endfacet
  facet normal -0.985171 0.149646 0.083934
    outer loop
      vertex 1.915994 -2.308456 24.500000
      vertex 2.272744 -0.941401 26.250000
      vertex 2.063130 -1.339812 24.500000
    endloop
  endfacet
  facet normal -0.681334 0.727144 -0.083934
    outer loop
      vertex 2.063130 -1.339812 24.500000
      vertex 2.272744 -0.941401 26.250000
      vertex 2.987690 -0.271497 26.250000
    endloop
  endfacet
  facet normal -0.525692 0.820829 -0.223354
    outer loop
      vertex 2.063130 -1.339812 24.500000
      vertex 2.987690 -0.271497 26.250000
      vertex 2.888184 -0.811414 24.500000
    endloop
  endfacet
  facet normal -0.952134 -0.208693 0.223354
    outer loop
      vertex 2.304593 -1.920639 26.250000
      vertex 2.616011 -1.468499 28.000000
      vertex 2.406243 -0.511463 28.000000
    endloop
  endfacet
  facet normal -0.995945 -0.032392 0.083934
    outer loop
      vertex 2.304593 -1.920639 26.250000
      vertex 2.406243 -0.511463 28.000000
      vertex 2.272744 -0.941401 26.250000
    endloop
  endfacet
  facet normal -0.802437 0.590805 -0.083934
    outer loop
      vertex 2.272744 -0.941401 26.250000
      vertex 2.406243 -0.511463 28.000000
      vertex 2.987137 0.277513 28.000000
    endloop
  endfacet
  facet normal -0.666474 0.711284 -0.223354
    outer loop
      vertex 2.272744 -0.941401 26.250000
      vertex 2.987137 0.277513 28.000000
      vertex 2.987690 -0.271497 26.250000
    endloop
  endfacet
  facet normal -0.898159 -0.378711 0.223354
    outer loop
      vertex 2.616011 -1.468499 28.000000
      vertex 2.839818 -0.967178 29.750000
      vertex 2.459157 -0.064395 29.750000
    endloop
  endfacet
  facet normal -0.973364 -0.213347 0.083934
    outer loop
      vertex 2.616011 -1.468499 28.000000
      vertex 2.459157 -0.064395 29.750000
      vertex 2.406243 -0.511463 28.000000
    endloop
  endfacet
  facet normal -0.896666 0.434679 -0.083934
    outer loop
      vertex 2.406243 -0.511463 28.000000
      vertex 2.459157 -0.064395 29.750000
      vertex 2.886544 0.817228 29.750000
    endloop
  endfacet
  facet normal -0.784935 0.577919 -0.223354
    outer loop
      vertex 2.406243 -0.511463 28.000000
      vertex 2.886544 0.817228 29.750000
      vertex 2.987137 0.277513 28.000000
    endloop
  endfacet
  facet normal -0.814105 -0.536046 0.223354
    outer loop
      vertex 2.839818 -0.967178 29.750000
      vertex 2.968519 -0.433467 31.500000
      vertex 2.429713 0.384829 31.500000
    endloop
  endfacet
  facet normal -0.918186 -0.387156 0.083934
    outer loop
      vertex 2.839818 -0.967178 29.750000
      vertex 2.429713 0.384829 31.500000
      vertex 2.459157 -0.064395 29.750000
    endloop
  endfacet
  facet normal -0.960865 0.263996 -0.083934
    outer loop
      vertex 2.459157 -0.064395 29.750000
      vertex 2.429713 0.384829 31.500000
      vertex 2.689281 1.329575 31.500000
    endloop
  endfacet
  facet normal -0.877108 0.425198 -0.223354
    outer loop
      vertex 2.459157 -0.064395 29.750000
      vertex 2.689281 1.329575 31.500000
      vertex 2.886544 0.817228 29.750000
    endloop
  endfacet
  facet normal -0.702786 -0.675429 0.223354
    outer loop
      vertex 2.968519 -0.433467 31.500000
      vertex 2.997804 0.114761 33.250000
      vertex 2.318898 0.821165 33.250000
    endloop
  endfacet
  facet normal -0.832257 -0.547999 0.083934
    outer loop
      vertex 2.968519 -0.433467 31.500000
      vertex 2.318898 0.821165 33.250000
      vertex 2.429713 0.384829 31.500000
    endloop
  endfacet
  facet normal -0.992884 0.084472 -0.083934
    outer loop
      vertex 2.429713 0.384829 31.500000
      vertex 2.318898 0.821165 33.250000
      vertex 2.401953 1.797393 33.250000
    endloop
  endfacet
  facet normal -0.939907 0.258238 -0.223354
    outer loop
      vertex 2.429713 0.384829 31.500000
      vertex 2.401953 1.797393 33.250000
      vertex 2.689281 1.329575 31.500000
    endloop
  endfacet
  facet normal -0.567931 -0.792192 0.223354
    outer loop
      vertex 2.997804 0.114761 33.250000
      vertex 2.926692 0.659146 35.000000
      vertex 2.130422 1.230000 35.000000
    endloop
  endfacet
  facet normal -0.718456 -0.690489 0.083934
    outer loop
      vertex 2.997804 0.114761 33.250000
      vertex 2.130422 1.230000 35.000000
      vertex 2.318898 0.821165 33.250000
    endloop
  endfacet
  facet normal -0.991652 -0.097882 -0.083934
    outer loop
      vertex 2.318898 0.821165 33.250000
      vertex 2.130422 1.230000 35.000000
      vertex 2.034183 2.205017 35.000000
    endloop
  endfacet
  facet normal -0.971229 0.082629 -0.223354
    outer loop
      vertex 2.318898 0.821165 33.250000
      vertex 2.034183 2.205017 35.000000
      vertex 2.401953 1.797393 33.250000
    endloop
  endfacet
  facet normal -0.414055 -0.882423 0.223354
    outer loop
      vertex 2.926692 0.659146 35.000000
      vertex 2.757565 1.181456 36.750000
      vertex 1.870599 1.597642 36.750000
    endloop
  endfacet
  facet normal -0.580594 -0.809855 0.083934
    outer loop
      vertex 2.926692 0.659146 35.000000
      vertex 1.870599 1.597642 36.750000
      vertex 2.130422 1.230000 35.000000
    endloop
  endfacet
  facet normal -0.957209 -0.276957 -0.083934
    outer loop
      vertex 2.130422 1.230000 35.000000
      vertex 1.870599 1.597642 36.750000
      vertex 1.598288 2.538794 36.750000
    endloop
  endfacet
  facet normal -0.970023 -0.095747 -0.223354
    outer loop
      vertex 2.130422 1.230000 35.000000
      vertex 1.598288 2.538794 36.750000
      vertex 2.034183 2.205017 35.000000
    endloop
  endfacet
  facet normal -0.246313 -0.943103 0.223354
    outer loop
      vertex 2.757565 1.181456 36.750000
      vertex 2.496086 1.664198 38.500000
      vertex 1.548128 1.911779 38.500000
    endloop
  endfacet
  facet normal -0.423288 -0.902099 0.083934
    outer loop
      vertex 2.757565 1.181456 36.750000
      vertex 1.548128 1.911779 38.500000
      vertex 1.870599 1.597642 36.750000
    endloop
  endfacet
  facet normal -0.890710 -0.446757 -0.083934
    outer loop
      vertex 1.870599 1.597642 36.750000
      vertex 1.548128 1.911779 38.500000
      vertex 1.108866 2.787547 38.500000
    endloop
  endfacet
  facet normal -0.936332 -0.270916 -0.223354
    outer loop
      vertex 1.870599 1.597642 36.750000
      vertex 1.108866 2.787547 38.500000
      vertex 1.598288 2.538794 36.750000
    endloop
  endfacet
  facet normal -0.070322 -0.972197 0.223354
    outer loop
      vertex 2.496086 1.664198 38.500000
      vertex 2.151013 2.091207 40.250000
      vertex 1.173811 2.161890 40.250000
    endloop
  endfacet
  facet normal -0.251805 -0.964131 0.083934
    outer loop
      vertex 2.496086 1.664198 38.500000
      vertex 1.173811 2.161890 40.250000
      vertex 1.548128 1.911779 38.500000
    endloop
  endfacet
  facet normal -0.794380 -0.601595 -0.083934
    outer loop
      vertex 1.548128 1.911779 38.500000
      vertex 1.173811 2.161890 40.250000
      vertex 0.582308 2.942944 40.250000
    endloop
  endfacet
  facet normal -0.871282 -0.437012 -0.223354
    outer loop
      vertex 1.548128 1.911779 38.500000
      vertex 0.582308 2.942944 40.250000
      vertex 1.108866 2.787547 38.500000
    endloop
  endfacet
  facet normal 0.108025 -0.968733 0.223354
    outer loop
      vertex 2.151013 2.091207 40.250000
      vertex 1.733902 2.448180 42.000000
      vertex 0.760182 2.339599 42.000000
    endloop
  endfacet
  facet normal -0.071890 -0.993875 0.083934
    outer loop
      vertex 2.151013 2.091207 40.250000
      vertex 0.760182 2.339599 42.000000
      vertex 1.173811 2.161890 40.250000
    endloop
  endfacet
  facet normal -0.671446 -0.736285 -0.083934
    outer loop
      vertex 1.173811 2.161890 40.250000
      vertex 0.760182 2.339599 42.000000
      vertex 0.036248 2.999781 42.000000
    endloop
  endfacet
  facet normal -0.777053 -0.588473 -0.223354
    outer loop
      vertex 1.173811 2.161890 40.250000
      vertex 0.036248 2.999781 42.000000
      vertex 0.582308 2.942944 40.250000
    endloop
  endfacet
  facet normal -0.557173 0.799794 0.223354
    outer loop
      vertex -0.892509 -2.864163 0.000000
      vertex -0.355612 -2.978849 1.750000
      vertex 0.448299 -2.418807 1.750000
    endloop
  endfacet
  facet normal -0.411058 0.907737 0.083934
    outer loop
      vertex -0.892509 -2.864163 0.000000
      vertex 0.448299 -2.418807 1.750000
      vertex -0.000000 -2.460000 0.000000
    endloop
  endfacet
  facet normal 0.238753 0.967446 -0.083934
    outer loop
      vertex -0.000000 -2.460000 0.000000
      vertex 0.448299 -2.418807 1.750000
      vertex 1.399516 -2.653555 1.750000
    endloop
  endfacet
  facet normal 0.402093 0.887938 -0.223354
    outer loop
      vertex -0.000000 -2.460000 0.000000
      vertex 1.399516 -2.653555 1.750000
      vertex 0.892509 -2.864163 0.000000
    endloop
  endfacet
  facet normal -0.693594 0.684865 0.223354
    outer loop
      vertex -0.355612 -2.978849 1.750000
      vertex 0.193195 -2.993773 3.500000
      vertex 0.881585 -2.296608 3.500000
    endloop
  endfacet
  facet normal -0.569597 0.817627 0.083934
    outer loop
      vertex -0.355612 -2.978849 1.750000
      vertex 0.881585 -2.296608 3.500000
      vertex 0.448299 -2.418807 1.750000
    endloop
  endfacet
  facet normal 0.058452 0.994755 -0.083934
    outer loop
      vertex 0.448299 -2.418807 1.750000
      vertex 0.881585 -2.296608 3.500000
      vertex 1.859653 -2.354079 3.500000
    endloop
  endfacet
  facet normal 0.233546 0.946345 -0.223354
    outer loop
      vertex 0.448299 -2.418807 1.750000
      vertex 1.859653 -2.354079 3.500000
      vertex 1.399516 -2.653555 1.750000
    endloop
  endfacet
  facet normal -0.806787 0.546999 0.223354
    outer loop
      vertex 0.193195 -2.993773 3.500000
      vertex 0.735532 -2.908435 5.250000
      vertex 1.285346 -2.097495 5.250000
    endloop
  endfacet
  facet normal -0.709060 0.700135 0.083934
    outer loop
      vertex 0.193195 -2.993773 3.500000
      vertex 1.285346 -2.097495 5.250000
      vertex 0.881585 -2.296608 3.500000
    endloop
  endfacet
  facet normal -0.123806 0.988750 -0.083934
    outer loop
      vertex 0.881585 -2.296608 3.500000
      vertex 1.285346 -2.097495 5.250000
      vertex 2.257510 -1.975765 5.250000
    endloop
  endfacet
  facet normal 0.057177 0.973059 -0.223354
    outer loop
      vertex 0.881585 -2.296608 3.500000
      vertex 2.257510 -1.975765 5.250000
      vertex 1.859653 -2.354079 3.500000
    endloop
  endfacet
  facet normal -0.892960 0.390814 0.223354
    outer loop
      vertex 0.735532 -2.908435 5.250000
      vertex 1.253235 -2.725693 7.000000
      vertex 1.646061 -1.828136 7.000000
    endloop
  endfacet
  facet normal -0.824776 0.559196 0.083934
    outer loop
      vertex 0.735532 -2.908435 5.250000
      vertex 1.646061 -1.828136 7.000000
      vertex 1.285346 -2.097495 5.250000
    endloop
  endfacet
  facet normal -0.301919 0.949632 -0.083934
    outer loop
      vertex 1.285346 -2.097495 5.250000
      vertex 1.646061 -1.828136 7.000000
      vertex 2.579762 -1.531282 7.000000
    endloop
  endfacet
  facet normal -0.121106 0.967185 -0.223354
    outer loop
      vertex 1.285346 -2.097495 5.250000
      vertex 2.579762 -1.531282 7.000000
      vertex 2.257510 -1.975765 5.250000
    endloop
  endfacet
  facet normal -0.949227 0.221541 0.223354
    outer loop
      vertex 1.253235 -2.725693 7.000000
      vertex 1.728968 -2.451667 8.750000
      vertex 1.951649 -1.497553 8.750000
    endloop
  endfacet
  facet normal -0.912870 0.399528 0.083934
    outer loop
      vertex 1.253235 -2.725693 7.000000
      vertex 1.951649 -1.497553 8.750000
      vertex 1.646061 -1.828136 7.000000
    endloop
  endfacet
  facet normal -0.469920 0.878710 -0.083934
    outer loop
      vertex 1.646061 -1.828136 7.000000
      vertex 1.951649 -1.497553 8.750000
      vertex 2.815618 -1.035517 8.750000
    endloop
  endfacet
  facet normal -0.295334 0.928919 -0.223354
    outer loop
      vertex 1.646061 -1.828136 7.000000
      vertex 2.815618 -1.035517 8.750000
      vertex 2.579762 -1.531282 7.000000
    endloop
  endfacet
  facet normal -0.973705 0.044848 0.223354
    outer loop
      vertex 1.728968 -2.451667 8.750000
      vertex 2.146797 -2.095534 10.500000
      vertex 2.191876 -1.116817 10.500000
    endloop
  endfacet
  facet normal -0.970392 0.226481 0.083934
    outer loop
      vertex 1.728968 -2.451667 8.750000
      vertex 2.191876 -1.116817 10.500000
      vertex 1.951649 -1.497553 8.750000
    endloop
  endfacet
  facet normal -0.622183 0.778359 -0.083934
    outer loop
      vertex 1.951649 -1.497553 8.750000
      vertex 2.191876 -1.116817 10.500000
      vertex 2.957178 -0.505071 10.500000
    endloop
  endfacet
  facet normal -0.459670 0.859544 -0.223354
    outer loop
      vertex 1.951649 -1.497553 8.750000
      vertex 2.957178 -0.505071 10.500000
      vertex 2.815618 -1.035517 8.750000
    endloop
  endfacet
  facet normal -0.965573 -0.133346 0.223354
    outer loop
      vertex 2.146797 -2.095534 10.500000
      vertex 2.492729 -1.669222 12.250000
      vertex 2.358697 -0.698678 12.250000
    endloop
  endfacet
  facet normal -0.995416 0.045848 0.083934
    outer loop
      vertex 2.146797 -2.095534 10.500000
      vertex 2.358697 -0.698678 12.250000
      vertex 2.191876 -1.116817 10.500000
    endloop
  endfacet
  facet normal -0.753609 0.651942 -0.083934
    outer loop
      vertex 2.191876 -1.116817 10.500000
      vertex 2.358697 -0.698678 12.250000
      vertex 2.999702 0.042289 12.250000
    endloop
  endfacet
  facet normal -0.608612 0.761383 -0.223354
    outer loop
      vertex 2.191876 -1.116817 10.500000
      vertex 2.999702 0.042289 12.250000
      vertex 2.957178 -0.505071 10.500000
    endloop
  endfacet
  facet normal -0.925104 -0.307075 0.223354
    outer loop
      vertex 2.492729 -1.669222 12.250000
      vertex 2.755180 -1.187006 14.000000
      vertex 2.446524 -0.257140 14.000000
    endloop
  endfacet
  facet normal -0.987103 -0.136320 0.083934
    outer loop
      vertex 2.492729 -1.669222 12.250000
      vertex 2.446524 -0.257140 14.000000
      vertex 2.358697 -0.698678 12.250000
    endloop
  endfacet
  facet normal -0.859797 0.503691 -0.083934
    outer loop
      vertex 2.358697 -0.698678 12.250000
      vertex 2.446524 -0.257140 14.000000
      vertex 2.941765 0.588233 14.000000
    endloop
  endfacet
  facet normal -0.737172 0.637722 -0.223354
    outer loop
      vertex 2.358697 -0.698678 12.250000
      vertex 2.941765 0.588233 14.000000
      vertex 2.999702 0.042289 12.250000
    endloop
  endfacet
  facet normal -0.853653 -0.470520 0.223354
    outer loop
      vertex 2.755180 -1.187006 14.000000
      vertex 2.925359 -0.665038 15.750000
      vertex 2.452417 0.193009 15.750000
    endloop
  endfacet
  facet normal -0.945731 -0.313922 0.083934
    outer loop
      vertex 2.755180 -1.187006 14.000000
      vertex 2.452417 0.193009 15.750000
      vertex 2.446524 -0.257140 14.000000
    endloop
  endfacet
  facet normal -0.937190 0.338571 -0.083934
    outer loop
      vertex 2.446524 -0.257140 14.000000
      vertex 2.452417 0.193009 15.750000
      vertex 2.785308 1.114477 15.750000
    endloop
  endfacet
  facet normal -0.841044 0.492705 -0.223354
    outer loop
      vertex 2.446524 -0.257140 14.000000
      vertex 2.785308 1.114477 15.750000
      vertex 2.941765 0.588233 14.000000
    endloop
  endfacet
  facet normal -0.753613 -0.618207 0.223354
    outer loop
      vertex 2.925359 -0.665038 15.750000
      vertex 2.997567 -0.120798 17.500000
      vertex 2.376178 0.636695 17.500000
    endloop
  endfacet
  facet normal -0.872687 -0.481011 0.083934
    outer loop
      vertex 2.925359 -0.665038 15.750000
      vertex 2.376178 0.636695 17.500000
      vertex 2.452417 0.193009 15.750000
    endloop
  endfacet
  facet normal -0.983196 0.162112 -0.083934
    outer loop
      vertex 2.452417 0.193009 15.750000
      vertex 2.376178 0.636695 17.500000
      vertex 2.535570 1.603397 17.500000
    endloop
  endfacet
  facet normal -0.916749 0.331186 -0.223354
    outer loop
      vertex 2.452417 0.193009 15.750000
      vertex 2.535570 1.603397 17.500000
      vertex 2.785308 1.114477 15.750000
    endloop
  endfacet
  facet normal -0.628335 -0.745190 0.223354
    outer loop
      vertex 2.997567 -0.120798 17.500000
      vertex 2.969386 0.427488 19.250000
      vertex 2.220360 1.059057 19.250000
    endloop
  endfacet
  facet normal -0.770417 -0.631991 0.083934
    outer loop
      vertex 2.997567 -0.120798 17.500000
      vertex 2.220360 1.059057 19.250000
      vertex 2.376178 0.636695 17.500000
    endloop
  endfacet
  facet normal -0.996275 -0.019776 -0.083934
    outer loop
      vertex 2.376178 0.636695 17.500000
      vertex 2.220360 1.059057 19.250000
      vertex 2.200916 2.038619 19.250000
    endloop
  endfacet
  facet normal -0.961752 0.158576 -0.223354
    outer loop
      vertex 2.376178 0.636695 17.500000
      vertex 2.200916 2.038619 19.250000
      vertex 2.535570 1.603397 17.500000
    endloop
  endfacet
  facet normal -0.482013 -0.847217 0.223354
    outer loop
      vertex 2.969386 0.427488 19.250000
      vertex 2.841760 0.961457 21.000000
      vertex 1.990182 1.445952 21.000000
    endloop
  endfacet
  facet normal -0.642345 -0.761806 0.083934
    outer loop
      vertex 2.969386 0.427488 19.250000
      vertex 1.990182 1.445952 21.000000
      vertex 2.220360 1.059057 19.250000
    endloop
  endfacet
  facet normal -0.975989 -0.201001 -0.083934
    outer loop
      vertex 2.220360 1.059057 19.250000
      vertex 1.990182 1.445952 21.000000
      vertex 1.792552 2.405568 21.000000
    endloop
  endfacet
  facet normal -0.974545 -0.019344 -0.223354
    outer loop
      vertex 2.220360 1.059057 19.250000
      vertex 1.792552 2.405568 21.000000
      vertex 2.200916 2.038619 19.250000
    endloop
  endfacet
  facet normal -0.319549 -0.920870 0.223354
    outer loop
      vertex 2.841760 0.961457 21.000000
      vertex 2.618963 1.463227 22.750000
      vertex 1.693352 1.784421 22.750000
    endloop
  endfacet
  facet normal -0.492761 -0.866107 0.083934
    outer loop
      vertex 2.841760 0.961457 21.000000
      vertex 1.693352 1.784421 22.750000
      vertex 1.990182 1.445952 21.000000
    endloop
  endfacet
  facet normal -0.923016 -0.375495 -0.083934
    outer loop
      vertex 1.990182 1.445952 21.000000
      vertex 1.693352 1.784421 22.750000
      vertex 1.324156 2.691953 22.750000
    endloop
  endfacet
  facet normal -0.954701 -0.196617 -0.223354
    outer loop
      vertex 1.990182 1.445952 21.000000
      vertex 1.324156 2.691953 22.750000
      vertex 1.792552 2.405568 21.000000
    endloop
  endfacet
  facet normal -0.146382 -0.963683 0.223354
    outer loop
      vertex 2.618963 1.463227 22.750000
      vertex 2.308456 1.915994 24.500000
      vertex 1.339812 2.063130 24.500000
    endloop
  endfacet
  facet normal -0.326674 -0.941403 0.083934
    outer loop
      vertex 2.618963 1.463227 22.750000
      vertex 1.339812 2.063130 24.500000
      vertex 1.693352 1.784421 22.750000
    endloop
  endfacet
  facet normal -0.839131 -0.537414 -0.083934
    outer loop
      vertex 1.693352 1.784421 22.750000
      vertex 1.339812 2.063130 24.500000
      vertex 0.811414 2.888184 24.500000
    endloop
  endfacet
  facet normal -0.902884 -0.367305 -0.223354
    outer loop
      vertex 1.693352 1.784421 22.750000
      vertex 0.811414 2.888184 24.500000
      vertex 1.324156 2.691953 22.750000
    endloop
  endfacet
  facet normal 0.031686 -0.974222 0.223354
    outer loop
      vertex 2.308456 1.915994 24.500000
      vertex 1.920639 2.304593 26.250000
      vertex 0.941401 2.272744 26.250000
    endloop
  endfacet
  facet normal -0.149646 -0.985171 0.083934
    outer loop
      vertex 2.308456 1.915994 24.500000
      vertex 0.941401 2.272744 26.250000
      vertex 1.339812 2.063130 24.500000
    endloop
  endfacet
  facet normal -0.727144 -0.681334 -0.083934
    outer loop
      vertex 1.339812 2.063130 24.500000
      vertex 0.941401 2.272744 26.250000
      vertex 0.271497 2.987690 26.250000
    endloop
  endfacet
  facet normal -0.820829 -0.525692 -0.223354
    outer loop
      vertex 1.339812 2.063130 24.500000
      vertex 0.271497 2.987690 26.250000
      vertex 0.811414 2.888184 24.500000
    endloop
  endfacet
  facet normal 0.208693 -0.952134 0.223354
    outer loop
      vertex 1.920639 2.304593 26.250000
      vertex 1.468499 2.616011 28.000000
      vertex 0.511463 2.406243 28.000000
    endloop
  endfacet
  facet normal 0.032392 -0.995945 0.083934
    outer loop
      vertex 1.920639 2.304593 26.250000
      vertex 0.511463 2.406243 28.000000
      vertex 0.941401 2.272744 26.250000
    endloop
  endfacet
  facet normal -0.590805 -0.802437 -0.083934
    outer loop
      vertex 0.941401 2.272744 26.250000
      vertex 0.511463 2.406243 28.000000
      vertex -0.277513 2.987137 28.000000
    endloop
  endfacet
  facet normal -0.711284 -0.666474 -0.223354
    outer loop
      vertex 0.941401 2.272744 26.250000
      vertex -0.277513 2.987137 28.000000
      vertex 0.271497 2.987690 26.250000
    endloop
  endfacet
  facet normal 0.378711 -0.898159 0.223354
    outer loop
      vertex 1.468499 2.616011 28.000000
      vertex 0.967178 2.839818 29.750000
      vertex 0.064395 2.459157 29.750000
    endloop
  endfacet
  facet normal 0.213347 -0.973364 0.083934
    outer loop
      vertex 1.468499 2.616011 28.000000
      vertex 0.064395 2.459157 29.750000
      vertex 0.511463 2.406243 28.000000
    endloop
  endfacet
  facet normal -0.434679 -0.896666 -0.083934
    outer loop
      vertex 0.511463 2.406243 28.000000
      vertex 0.064395 2.459157 29.750000
      vertex -0.817228 2.886544 29.750000
    endloop
  endfacet
  facet normal -0.577919 -0.784935 -0.223354
    outer loop
      vertex 0.511463 2.406243 28.000000
      vertex -0.817228 2.886544 29.750000
      vertex -0.277513 2.987137 28.000000
    endloop
  endfacet
  facet normal 0.536046 -0.814105 0.223354
    outer loop
      vertex 0.967178 2.839818 29.750000
      vertex 0.433467 2.968519 31.500000
      vertex -0.384829 2.429713 31.500000
    endloop
  endfacet
  facet normal 0.387156 -0.918186 0.083934
    outer loop
      vertex 0.967178 2.839818 29.750000
      vertex -0.384829 2.429713 31.500000
      vertex 0.064395 2.459157 29.750000
    endloop
  endfacet
  facet normal -0.263996 -0.960865 -0.083934
    outer loop
      vertex 0.064395 2.459157 29.750000
      vertex -0.384829 2.429713 31.500000
      vertex -1.329575 2.689281 31.500000
    endloop
  endfacet
  facet normal -0.425198 -0.877108 -0.223354
    outer loop
      vertex 0.064395 2.459157 29.750000
      vertex -1.329575 2.689281 31.500000
      vertex -0.817228 2.886544 29.750000
    endloop
  endfacet
  facet normal 0.675429 -0.702786 0.223354
    outer loop
      vertex 0.433467 2.968519 31.500000
      vertex -0.114761 2.997804 33.250000
      vertex -0.821165 2.318898 33.250000
    endloop
  endfacet
  facet normal 0.547999 -0.832257 0.083934
    outer loop
      vertex 0.433467 2.968519 31.500000
      vertex -0.821165 2.318898 33.250000
      vertex -0.384829 2.429713 31.500000
    endloop
  endfacet
  facet normal -0.084472 -0.992884 -0.083934
    outer loop
      vertex -0.384829 2.429713 31.500000
      vertex -0.821165 2.318898 33.250000
      vertex -1.797393 2.401953 33.250000
    endloop
  endfacet
  facet normal -0.258238 -0.939907 -0.223354
    outer loop
      vertex -0.384829 2.429713 31.500000
      vertex -1.797393 2.401953 33.250000
      vertex -1.329575 2.689281 31.500000
    endloop
  endfacet
  facet normal 0.792192 -0.567931 0.223354
    outer loop
      vertex -0.114761 2.997804 33.250000
      vertex -0.659146 2.926692 35.000000
      vertex -1.230000 2.130422 35.000000
    endloop
  endfacet
  facet normal 0.690489 -0.718456 0.083934
    outer loop
      vertex -0.114761 2.997804 33.250000
      vertex -1.230000 2.130422 35.000000
      vertex -0.821165 2.318898 33.250000
    endloop
  endfacet
  facet normal 0.097882 -0.991652 -0.083934
    outer loop
      vertex -0.821165 2.318898 33.250000
      vertex -1.230000 2.130422 35.000000
      vertex -2.205017 2.034183 35.000000
    endloop
  endfacet
  facet normal -0.082629 -0.971229 -0.223354
    outer loop
      vertex -0.821165 2.318898 33.250000
      vertex -2.205017 2.034183 35.000000
      vertex -1.797393 2.401953 33.250000
    endloop
  endfacet
  facet normal 0.882423 -0.414055 0.223354
    outer loop
      vertex -0.659146 2.926692 35.000000
      vertex -1.181456 2.757565 36.750000
      vertex -1.597642 1.870599 36.750000
    endloop
  endfacet
  facet normal 0.809855 -0.580594 0.083934
    outer loop
      vertex -0.659146 2.926692 35.000000
      vertex -1.597642 1.870599 36.750000
      vertex -1.230000 2.130422 35.000000
    endloop
  endfacet
  facet normal 0.276957 -0.957209 -0.083934
    outer loop
      vertex -1.230000 2.130422 35.000000
      vertex -1.597642 1.870599 36.750000
      vertex -2.538794 1.598288 36.750000
    endloop
  endfacet
  facet normal 0.095747 -0.970023 -0.223354
    outer loop
      vertex -1.230000 2.130422 35.000000
      vertex -2.538794 1.598288 36.750000
      vertex -2.205017 2.034183 35.000000
    endloop
  endfacet
  facet normal 0.943103 -0.246313 0.223354
    outer loop
      vertex -1.181456 2.757565 36.750000
      vertex -1.664198 2.496086 38.500000
      vertex -1.911779 1.548128 38.500000
    endloop
  endfacet
  facet normal 0.902099 -0.423288 0.083934
    outer loop
      vertex -1.181456 2.757565 36.750000
      vertex -1.911779 1.548128 38.500000
      vertex -1.597642 1.870599 36.750000
    endloop
  endfacet
  facet normal 0.446757 -0.890710 -0.083934
    outer loop
      vertex -1.597642 1.870599 36.750000
      vertex -1.911779 1.548128 38.500000
      vertex -2.787547 1.108866 38.500000
    endloop
  endfacet
  facet normal 0.270916 -0.936332 -0.223354
    outer loop
      vertex -1.597642 1.870599 36.750000
      vertex -2.787547 1.108866 38.500000
      vertex -2.538794 1.598288 36.750000
    endloop
  endfacet
  facet normal 0.972197 -0.070322 0.223354
    outer loop
      vertex -1.664198 2.496086 38.500000
      vertex -2.091207 2.151013 40.250000
      vertex -2.161890 1.173811 40.250000
    endloop
  endfacet
  facet normal 0.964131 -0.251805 0.083934
    outer loop
      vertex -1.664198 2.496086 38.500000
      vertex -2.161890 1.173811 40.250000
      vertex -1.911779 1.548128 38.500000
    endloop
  endfacet
  facet normal 0.601595 -0.794380 -0.083934
    outer loop
      vertex -1.911779 1.548128 38.500000
      vertex -2.161890 1.173811 40.250000
      vertex -2.942944 0.582308 40.250000
    endloop
  endfacet
  facet normal 0.437012 -0.871282 -0.223354
    outer loop
      vertex -1.911779 1.548128 38.500000
      vertex -2.942944 0.582308 40.250000
      vertex -2.787547 1.108866 38.500000
    endloop
  endfacet
  facet normal 0.968733 0.108025 0.223354
    outer loop
      vertex -2.091207 2.151013 40.250000
      vertex -2.448180 1.733902 42.000000
      vertex -2.339599 0.760182 42.000000
    endloop
  endfacet
  facet normal 0.993875 -0.071890 0.083934
    outer loop
      vertex -2.091207 2.151013 40.250000
      vertex -2.339599 0.760182 42.000000
      vertex -2.161890 1.173811 40.250000
    endloop
  endfacet
  facet normal 0.736285 -0.671446 -0.083934
    outer loop
      vertex -2.161890 1.173811 40.250000
      vertex -2.339599 0.760182 42.000000
      vertex -2.999781 0.036248 42.000000
    endloop
  endfacet
  facet normal 0.588473 -0.777053 -0.223354
    outer loop
      vertex -2.161890 1.173811 40.250000
      vertex -2.999781 0.036248 42.000000
      vertex -2.942944 0.582308 40.250000
    endloop
  endfacet
  facet normal 0.997859 0.065403 0.000000
    outer loop
      vertex 2.460000 0.000000 42.000000
      vertex 2.438954 0.321094 42.000000
      vertex 2.438954 0.321094 108.000000
    endloop
  endfacet
  facet normal 0.997859 0.065403 0.000000
    outer loop
      vertex 2.460000 0.000000 42.000000
      vertex 2.438954 0.321094 108.000000
      vertex 2.460000 0.000000 108.000000
    endloop
  endfacet
  facet normal 0.000000 0.000000 1.000000
    outer loop
      vertex 0.000000 0.000000 42.000000
      vertex 2.460000 0.000000 42.000000
      vertex 2.438954 0.321094 42.000000
    endloop
  endfacet
  facet normal 0.000000 0.000000 -1.000000
    outer loop
      vertex 0.000000 0.000000 108.000000
      vertex 2.438954 0.321094 108.000000
      vertex 2.460000 0.000000 108.000000
    endloop
  endfacet
  facet normal 0.980785 0.195090 0.000000
    outer loop
      vertex 2.438954 0.321094 42.000000
      vertex 2.376178 0.636695 42.000000
      vertex 2.376178 0.636695 108.000000
    endloop
  endfacet
  facet normal 0.980785 0.195090 0.000000
    outer loop
      vertex 2.438954 0.321094 42.000000
      vertex 2.376178 0.636695 108.000000
      vertex 2.438954 0.321094 108.000000
    endloop
  endfacet
  facet normal 0.000000 0.000000 1.000000
    outer loop
      vertex 0.000000 0.000000 42.000000
      vertex 2.438954 0.321094 42.000000
      vertex 2.376178 0.636695 42.000000
    endloop
  endfacet
  facet normal 0.000000 0.000000 -1.000000
    outer loop
      vertex 0.000000 0.000000 108.000000
      vertex 2.376178 0.636695 108.000000
      vertex 2.438954 0.321094 108.000000
    endloop
  endfacet
  facet normal 0.946930 0.321439 0.000000
    outer loop
      vertex 2.376178 0.636695 42.000000
      vertex 2.272744 0.941401 42.000000
      vertex 2.272744 0.941401 108.000000
    endloop
  endfacet
  facet normal 0.946930 0.321439 0.000000
    outer loop
      vertex 2.376178 0.636695 42.000000
      vertex 2.272744 0.941401 108.000000
      vertex 2.376178 0.636695 108.000000
    endloop
  endfacet
  facet normal 0.000000 0.000000 1.000000
    outer loop
      vertex 0.000000 0.000000 42.000000
      vertex 2.376178 0.636695 42.000000
      vertex 2.272744 0.941401 42.000000
    endloop
  endfacet
  facet normal 0.000000 0.000000 -1.000000
    outer loop
      vertex 0.000000 0.000000 108.000000
      vertex 2.272744 0.941401 108.000000
      vertex 2.376178 0.636695 108.000000
    endloop
  endfacet
  facet normal 0.896873 0.442289 0.000000
    outer loop
      vertex 2.272744 0.941401 42.000000
      vertex 2.130422 1.230000 42.000000
      vertex 2.130422 1.230000 108.000000
    endloop
  endfacet
  facet normal 0.896873 0.442289 0.000000
    outer loop
      vertex 2.272744 0.941401 42.000000
      vertex 2.130422 1.230000 108.000000
      vertex 2.272744 0.941401 108.000000
    endloop
  endfacet
  facet normal 0.000000 0.000000 1.000000
    outer loop
      vertex 0.000000 0.000000 42.000000
      vertex 2.272744 0.941401 42.000000
      vertex 2.130422 1.230000 42.000000
    endloop
  endfacet
  facet normal 0.000000 0.000000 -1.000000
    outer loop
      vertex 0.000000 0.000000 108.000000
      vertex 2.130422 1.230000 108.000000
      vertex 2.272744 0.941401 108.000000
    endloop
  endfacet
  facet normal 0.831470 0.555570 0.000000
    outer loop
      vertex 2.130422 1.230000 42.000000
      vertex 1.951649 1.497553 42.000000
      vertex 1.951649 1.497553 108.000000
    endloop
  endfacet
  facet normal 0.831470 0.555570 0.000000
    outer loop
      vertex 2.130422 1.230000 42.000000
      vertex 1.951649 1.497553 108.000000
      vertex 2.130422 1.230000 108.000000
    endloop
  endfacet
  facet normal 0.000000 0.000000 1.000000
    outer loop
      vertex 0.000000 0.000000 42.000000
      vertex 2.130422 1.230000 42.000000
      vertex 1.951649 1.497553 42.000000
    endloop
  endfacet
  facet normal 0.000000 0.000000 -1.000000
    outer loop
      vertex 0.000000 0.000000 108.000000
      vertex 1.951649 1.497553 108.000000
      vertex 2.130422 1.230000 108.000000
    endloop
  endfacet
  facet normal 0.751840 0.659346 0.000000
    outer loop
      vertex 1.951649 1.497553 42.000000
      vertex 1.739483 1.739483 42.000000
      vertex 1.739483 1.739483 108.000000
    endloop
  endfacet
  facet normal 0.751840 0.659346 0.000000
    outer loop
      vertex 1.951649 1.497553 42.000000
      vertex 1.739483 1.739483 108.000000
      vertex 1.951649 1.497553 108.000000
    endloop
  endfacet
  facet normal 0.000000 0.000000 1.000000
    outer loop
      vertex 0.000000 0.000000 42.000000
      vertex 1.951649 1.497553 42.000000
      vertex 1.739483 1.739483 42.000000
    endloop
  endfacet
  facet normal 0.000000 0.000000 -1.000000
    outer loop
      vertex 0.000000 0.000000 108.000000
      vertex 1.739483 1.739483 108.000000
      vertex 1.951649 1.497553 108.000000
    endloop
  endfacet
  facet normal 0.659346 0.751840 0.000000
    outer loop
      vertex 1.739483 1.739483 42.000000
      vertex 1.497553 1.951649 42.000000
      vertex 1.497553 1.951649 108.000000
    endloop
  endfacet
  facet normal 0.659346 0.751840 0.000000
    outer loop
      vertex 1.739483 1.739483 42.000000
      vertex 1.497553 1.951649 108.000000
      vertex 1.739483 1.739483 108.000000
    endloop
  endfacet
  facet normal 0.000000 0.000000 1.000000
    outer loop
      vertex 0.000000 0.000000 42.000000
      vertex 1.739483 1.739483 42.000000
      vertex 1.497553 1.951649 42.000000
    endloop
  endfacet
  facet normal 0.000000 0.000000 -1.000000
    outer loop
      vertex 0.000000 0.000000 108.000000
      vertex 1.497553 1.951649 108.000000
      vertex 1.739483 1.739483 108.000000
    endloop
  endfacet
  facet normal 0.555570 0.831470 0.000000
    outer loop
      vertex 1.497553 1.951649 42.000000
      vertex 1.230000 2.130422 42.000000
      vertex 1.230000 2.130422 108.000000
    endloop
  endfacet
  facet normal 0.555570 0.831470 0.000000
    outer loop
      vertex 1.497553 1.951649 42.000000
      vertex 1.230000 2.130422 108.000000
      vertex 1.497553 1.951649 108.000000
    endloop
  endfacet
  facet normal 0.000000 0.000000 1.000000
    outer loop
      vertex 0.000000 0.000000 42.000000
      vertex 1.497553 1.951649 42.000000
      vertex 1.230000 2.130422 42.000000
    endloop
  endfacet
  facet normal 0.000000 0.000000 -1.000000
    outer loop
      vertex 0.000000 0.000000 108.000000
      vertex 1.230000 2.130422 108.000000
      vertex 1.497553 1.951649 108.000000
    endloop
  endfacet
  facet normal 0.442289 0.896873 0.000000
    outer loop
      vertex 1.230000 2.130422 42.000000
      vertex 0.941401 2.272744 42.000000
      vertex 0.941401 2.272744 108.000000
    endloop
  endfacet
  facet normal 0.442289 0.896873 0.000000
    outer loop
      vertex 1.230000 2.130422 42.000000
      vertex 0.941401 2.272744 108.000000
      vertex 1.230000 2.130422 108.000000
    endloop
  endfacet
  facet normal 0.000000 0.000000 1.000000
    outer loop
      vertex 0.000000 0.000000 42.000000
      vertex 1.230000 2.130422 42.000000
      vertex 0.941401 2.272744 42.000000
    endloop
  endfacet
  facet normal 0.000000 0.000000 -1.000000
    outer loop
      vertex 0.000000 0.000000 108.000000
      vertex 0.941401 2.272744 108.000000
      vertex 1.230000 2.130422 108.000000
    endloop
  endfacet
  facet normal 0.321439 0.946930 0.000000
    outer loop
      vertex 0.941401 2.272744 42.000000
      vertex 0.636695 2.376178 42.000000
      vertex 0.636695 2.376178 108.000000
    endloop
  endfacet
  facet normal 0.321439 0.946930 0.000000
    outer loop
      vertex 0.941401 2.272744 42.000000
      vertex 0.636695 2.376178 108.000000
      vertex 0.941401 2.272744 108.000000
    endloop
  endfacet
  facet normal 0.000000 0.000000 1.000000
    outer loop
      vertex 0.000000 0.000000 42.000000
      vertex 0.941401 2.272744 42.000000
      vertex 0.636695 2.376178 42.000000
    endloop
  endfacet
  facet normal 0.000000 0.000000 -1.000000
    outer loop
      vertex 0.000000 0.000000 108.000000
      vertex 0.636695 2.376178 108.000000
      vertex 0.941401 2.272744 108.000000
    endloop
  endfacet
  facet normal 0.195090 0.980785 0.000000
    outer loop
      vertex 0.636695 2.376178 42.000000
      vertex 0.321094 2.438954 42.000000
      vertex 0.321094 2.438954 108.000000
    endloop
  endfacet
  facet normal 0.195090 0.980785 0.000000
    outer loop
      vertex 0.636695 2.376178 42.000000
      vertex 0.321094 2.438954 108.000000
      vertex 0.636695 2.376178 108.000000
    endloop
  endfacet
  facet normal 0.000000 0.000000 1.000000
    outer loop
      vertex 0.000000 0.000000 42.000000
      vertex 0.636695 2.376178 42.000000
      vertex 0.321094 2.438954 42.000000
    endloop
  endfacet
  facet normal 0.000000 0.000000 -1.000000
    outer loop
      vertex 0.000000 0.000000 108.000000
      vertex 0.321094 2.438954 108.000000
      vertex 0.636695 2.376178 108.000000
    endloop
  endfacet
  facet normal 0.065403 0.997859 0.000000
    outer loop
      vertex 0.321094 2.438954 42.000000
      vertex 0.000000 2.460000 42.000000
      vertex 0.000000 2.460000 108.000000
    endloop
  endfacet
  facet normal 0.065403 0.997859 0.000000
    outer loop
      vertex 0.321094 2.438954 42.000000
      vertex 0.000000 2.460000 108.000000
      vertex 0.321094 2.438954 108.000000
    endloop
  endfacet
  facet normal 0.000000 0.000000 1.000000
    outer loop
      vertex 0.000000 0.000000 42.000000
      vertex 0.321094 2.438954 42.000000
      vertex 0.000000 2.460000 42.000000
    endloop
  endfacet
  facet normal 0.000000 0.000000 -1.000000
    outer loop
      vertex 0.000000 0.000000 108.000000
      vertex 0.000000 2.460000 108.000000
      vertex 0.321094 2.438954 108.000000
    endloop
  endfacet
  facet normal -0.065403 0.997859 0.000000
    outer loop
      vertex 0.000000 2.460000 42.000000
      vertex -0.321094 2.438954 42.000000
      vertex -0.321094 2.438954 108.000000
    endloop
  endfacet
  facet normal -0.065403 0.997859 0.000000
    outer loop
      vertex 0.000000 2.460000 42.000000
      vertex -0.321094 2.438954 108.000000
      vertex 0.000000 2.460000 108.000000
    endloop
  endfacet
  facet normal 0.000000 0.000000 1.000000
    outer loop
      vertex 0.000000 0.000000 42.000000
      vertex 0.000000 2.460000 42.000000
      vertex -0.321094 2.438954 42.000000
    endloop
  endfacet
  facet normal 0.000000 0.000000 -1.000000
    outer loop
      vertex 0.000000 0.000000 108.000000
      vertex -0.321094 2.438954 108.000000
      vertex 0.000000 2.460000 108.000000
    endloop
  endfacet
  facet normal -0.195090 0.980785 0.000000
    outer loop
      vertex -0.321094 2.438954 42.000000
      vertex -0.636695 2.376178 42.000000
      vertex -0.636695 2.376178 108.000000
    endloop
  endfacet
  facet normal -0.195090 0.980785 0.000000
    outer loop
      vertex -0.321094 2.438954 42.000000
      vertex -0.636695 2.376178 108.000000
      vertex -0.321094 2.438954 108.000000
    endloop
  endfacet
  facet normal 0.000000 0.000000 1.000000
    outer loop
      vertex 0.000000 0.000000 42.000000
      vertex -0.321094 2.438954 42.000000
      vertex -0.636695 2.376178 42.000000
    endloop
  endfacet
  facet normal 0.000000 0.000000 -1.000000
    outer loop
      vertex 0.000000 0.000000 108.000000
      vertex -0.636695 2.376178 108.000000
      vertex -0.321094 2.438954 108.000000
    endloop
  endfacet
  facet normal -0.321439 0.946930 0.000000
    outer loop
      vertex -0.636695 2.376178 42.000000
      vertex -0.941401 2.272744 42.000000
      vertex -0.941401 2.272744 108.000000
    endloop
  endfacet
  facet normal -0.321439 0.946930 0.000000
    outer loop
      vertex -0.636695 2.376178 42.000000
      vertex -0.941401 2.272744 108.000000
      vertex -0.636695 2.376178 108.000000
    endloop
  endfacet
  facet normal 0.000000 0.000000 1.000000
    outer loop
      vertex 0.000000 0.000000 42.000000
      vertex -0.636695 2.376178 42.000000
      vertex -0.941401 2.272744 42.000000
    endloop
  endfacet
  facet normal 0.000000 0.000000 -1.000000
    outer loop
      vertex 0.000000 0.000000 108.000000
      vertex -0.941401 2.272744 108.000000
      vertex -0.636695 2.376178 108.000000
    endloop
  endfacet
  facet normal -0.442289 0.896873 0.000000
    outer loop
      vertex -0.941401 2.272744 42.000000
      vertex -1.230000 2.130422 42.000000
      vertex -1.230000 2.130422 108.000000
    endloop
  endfacet
  facet normal -0.442289 0.896873 0.000000
    outer loop
      vertex -0.941401 2.272744 42.000000
      vertex -1.230000 2.130422 108.000000
      vertex -0.941401 2.272744 108.000000
    endloop
  endfacet
  facet normal 0.000000 0.000000 1.000000
    outer loop
      vertex 0.000000 0.000000 42.000000
      vertex -0.941401 2.272744 42.000000
      vertex -1.230000 2.130422 42.000000
    endloop
  endfacet
  facet normal 0.000000 0.000000 -1.000000
    outer loop
      vertex 0.000000 0.000000 108.000000
      vertex -1.230000 2.130422 108.000000
      vertex -0.941401 2.272744 108.000000
    endloop
  endfacet
  facet normal -0.555570 0.831470 0.000000
    outer loop
      vertex -1.230000 2.130422 42.000000
      vertex -1.497553 1.951649 42.000000
      vertex -1.497553 1.951649 108.000000
    endloop
  endfacet
  facet normal -0.555570 0.831470 0.000000
    outer loop
      vertex -1.230000 2.130422 42.000000
      vertex -1.497553 1.951649 108.000000
      vertex -1.230000 2.130422 108.000000
    endloop
  endfacet
  facet normal 0.000000 0.000000 1.000000
    outer loop
      vertex 0.000000 0.000000 42.000000
      vertex -1.230000 2.130422 42.000000
      vertex -1.497553 1.951649 42.000000
    endloop
  endfacet
  facet normal 0.000000 0.000000 -1.000000
    outer loop
      vertex 0.000000 0.000000 108.000000
      vertex -1.497553 1.951649 108.000000
      vertex -1.230000 2.130422 108.000000
    endloop
  endfacet
  facet normal -0.659346 0.751840 0.000000
    outer loop
      vertex -1.497553 1.951649 42.000000
      vertex -1.739483 1.739483 42.000000
      vertex -1.739483 1.739483 108.000000
    endloop
  endfacet
  facet normal -0.659346 0.751840 0.000000
    outer loop
      vertex -1.497553 1.951649 42.000000
      vertex -1.739483 1.739483 108.000000
      vertex -1.497553 1.951649 108.000000
    endloop
  endfacet
  facet normal 0.000000 0.000000 1.000000
    outer loop
      vertex 0.000000 0.000000 42.000000
      vertex -1.497553 1.951649 42.000000
      vertex -1.739483 1.739483 42.000000
    endloop
  endfacet
  facet normal 0.000000 0.000000 -1.000000
    outer loop
      vertex 0.000000 0.000000 108.000000
      vertex -1.739483 1.739483 108.000000
      vertex -1.497553 1.951649 108.000000
    endloop
  endfacet
  facet normal -0.751840 0.659346 0.000000
    outer loop
      vertex -1.739483 1.739483 42.000000
      vertex -1.951649 1.497553 42.000000
      vertex -1.951649 1.497553 108.000000
    endloop
  endfacet
  facet normal -0.751840 0.659346 0.000000
    outer loop
      vertex -1.739483 1.739483 42.000000
      vertex -1.951649 1.497553 108.000000
      vertex -1.739483 1.739483 108.000000
    endloop
  endfacet
  facet normal 0.000000 0.000000 1.000000
    outer loop
      vertex 0.000000 0.000000 42.000000
      vertex -1.739483 1.739483 42.000000
      vertex -1.951649 1.497553 42.000000
    endloop
  endfacet
  facet normal 0.000000 0.000000 -1.000000
    outer loop
      vertex 0.000000 0.000000 108.000000
      vertex -1.951649 1.497553 108.000000
      vertex -1.739483 1.739483 108.000000
    endloop
  endfacet
  facet normal -0.831470 0.555570 0.000000
    outer loop
      vertex -1.951649 1.497553 42.000000
      vertex -2.130422 1.230000 42.000000
      vertex -2.130422 1.230000 108.000000
    endloop
  endfacet
  facet normal -0.831470 0.555570 0.000000
    outer loop
      vertex -1.951649 1.497553 42.000000
      vertex -2.130422 1.230000 108.000000
      vertex -1.951649 1.497553 108.000000
    endloop
  endfacet
  facet normal 0.000000 0.000000 1.000000
    outer loop
      vertex 0.000000 0.000000 42.000000
      vertex -1.951649 1.497553 42.000000
      vertex -2.130422 1.230000 42.000000
    endloop
  endfacet
  facet normal 0.000000 0.000000 -1.000000
    outer loop
      vertex 0.000000 0.000000 108.000000
      vertex -2.130422 1.230000 108.000000
      vertex -1.951649 1.497553 108.000000
    endloop
  endfacet
  facet normal -0.896873 0.442289 0.000000
    outer loop
      vertex -2.130422 1.230000 42.000000
      vertex -2.272744 0.941401 42.000000
      vertex -2.272744 0.941401 108.000000
    endloop
  endfacet
  facet normal -0.896873 0.442289 0.000000
    outer loop
      vertex -2.130422 1.230000 42.000000
      vertex -2.272744 0.941401 108.000000
      vertex -2.130422 1.230000 108.000000
    endloop
  endfacet
  facet normal 0.000000 0.000000 1.000000
    outer loop
      vertex 0.000000 0.000000 42.000000
      vertex -2.130422 1.230000 42.000000
      vertex -2.272744 0.941401 42.000000
    endloop
  endfacet
  facet normal 0.000000 0.000000 -1.000000
    outer loop
      vertex 0.000000 0.000000 108.000000
      vertex -2.272744 0.941401 108.000000
      vertex -2.130422 1.230000 108.000000
    endloop
  endfacet
  facet normal -0.946930 0.321439 0.000000
    outer loop
      vertex -2.272744 0.941401 42.000000
      vertex -2.376178 0.636695 42.000000
      vertex -2.376178 0.636695 108.000000
    endloop
  endfacet
  facet normal -0.946930 0.321439 0.000000
    outer loop
      vertex -2.272744 0.941401 42.000000
      vertex -2.376178 0.636695 108.000000
      vertex -2.272744 0.941401 108.000000
    endloop
  endfacet
  facet normal 0.000000 0.000000 1.000000
    outer loop
      vertex 0.000000 0.000000 42.000000
      vertex -2.272744 0.941401 42.000000
      vertex -2.376178 0.636695 42.000000
    endloop
  endfacet
  facet normal 0.000000 0.000000 -1.000000
    outer loop
      vertex 0.000000 0.000000 108.000000
      vertex -2.376178 0.636695 108.000000
      vertex -2.272744 0.941401 108.000000
    endloop
  endfacet
  facet normal -0.980785 0.195090 0.000000
    outer loop
      vertex -2.376178 0.636695 42.000000
      vertex -2.438954 0.321094 42.000000
      vertex -2.438954 0.321094 108.000000
    endloop
  endfacet
  facet normal -0.980785 0.195090 0.000000
    outer loop
      vertex -2.376178 0.636695 42.000000
      vertex -2.438954 0.321094 108.000000
      vertex -2.376178 0.636695 108.000000
    endloop
  endfacet
  facet normal 0.000000 0.000000 1.000000
    outer loop
      vertex 0.000000 0.000000 42.000000
      vertex -2.376178 0.636695 42.000000
      vertex -2.438954 0.321094 42.000000
    endloop
  endfacet
  facet normal 0.000000 0.000000 -1.000000
    outer loop
      vertex 0.000000 0.000000 108.000000
      vertex -2.438954 0.321094 108.000000
      vertex -2.376178 0.636695 108.000000
    endloop
  endfacet
  facet normal -0.997859 0.065403 0.000000
    outer loop
      vertex -2.438954 0.321094 42.000000
      vertex -2.460000 0.000000 42.000000
      vertex -2.460000 0.000000 108.000000
    endloop
  endfacet
  facet normal -0.997859 0.065403 0.000000
    outer loop
      vertex -2.438954 0.321094 42.000000
      vertex -2.460000 0.000000 108.000000
      vertex -2.438954 0.321094 108.000000
    endloop
  endfacet
  facet normal 0.000000 0.000000 1.000000
    outer loop
      vertex 0.000000 0.000000 42.000000
      vertex -2.438954 0.321094 42.000000
      vertex -2.460000 0.000000 42.000000
    endloop
  endfacet
  facet normal 0.000000 0.000000 -1.000000
    outer loop
      vertex 0.000000 0.000000 108.000000
      vertex -2.460000 0.000000 108.000000
      vertex -2.438954 0.321094 108.000000
    endloop
  endfacet
  facet normal -0.997859 -0.065403 0.000000
    outer loop
      vertex -2.460000 0.000000 42.000000
      vertex -2.438954 -0.321094 42.000000
      vertex -2.438954 -0.321094 108.000000
    endloop
  endfacet
  facet normal -0.997859 -0.065403 0.000000
    outer loop
      vertex -2.460000 0.000000 42.000000
      vertex -2.438954 -0.321094 108.000000
      vertex -2.460000 0.000000 108.000000
    endloop
  endfacet
  facet normal 0.000000 0.000000 1.000000
    outer loop
      vertex 0.000000 0.000000 42.000000
      vertex -2.460000 0.000000 42.000000
      vertex -2.438954 -0.321094 42.000000
    endloop
  endfacet
  facet normal 0.000000 0.000000 -1.000000
    outer loop
      vertex 0.000000 0.000000 108.000000
      vertex -2.438954 -0.321094 108.000000
      vertex -2.460000 0.000000 108.000000
    endloop
  endfacet
  facet normal -0.980785 -0.195090 0.000000
    outer loop
      vertex -2.438954 -0.321094 42.000000
      vertex -2.376178 -0.636695 42.000000
      vertex -2.376178 -0.636695 108.000000
    endloop
  endfacet
  facet normal -0.980785 -0.195090 0.000000
    outer loop
      vertex -2.438954 -0.321094 42.000000
      vertex -2.376178 -0.636695 108.000000
      vertex -2.438954 -0.321094 108.000000
    endloop
  endfacet
  facet normal 0.000000 0.000000 1.000000
    outer loop
      vertex 0.000000 0.000000 42.000000
      vertex -2.438954 -0.321094 42.000000
      vertex -2.376178 -0.636695 42.000000
    endloop
  endfacet
  facet normal 0.000000 0.000000 -1.000000
    outer loop
      vertex 0.000000 0.000000 108.000000
      vertex -2.376178 -0.636695 108.000000
      vertex -2.438954 -0.321094 108.000000
    endloop
  endfacet
  facet normal -0.946930 -0.321439 0.000000
    outer loop
      vertex -2.376178 -0.636695 42.000000
      vertex -2.272744 -0.941401 42.000000
      vertex -2.272744 -0.941401 108.000000
    endloop
  endfacet
  facet normal -0.946930 -0.321439 0.000000
    outer loop
      vertex -2.376178 -0.636695 42.000000
      vertex -2.272744 -0.941401 108.000000
      vertex -2.376178 -0.636695 108.000000
    endloop
  endfacet
  facet normal 0.000000 0.000000 1.000000
    outer loop
      vertex 0.000000 0.000000 42.000000
      vertex -2.376178 -0.636695 42.000000
      vertex -2.272744 -0.941401 42.000000
    endloop
  endfacet
  facet normal 0.000000 0.000000 -1.000000
    outer loop
      vertex 0.000000 0.000000 108.000000
      vertex -2.272744 -0.941401 108.000000
      vertex -2.376178 -0.636695 108.000000
    endloop
  endfacet
  facet normal -0.896873 -0.442289 0.000000
    outer loop
      vertex -2.272744 -0.941401 42.000000
      vertex -2.130422 -1.230000 42.000000
      vertex -2.130422 -1.230000 108.000000
    endloop
  endfacet
  facet normal -0.896873 -0.442289 0.000000
    outer loop
      vertex -2.272744 -0.941401 42.000000
      vertex -2.130422 -1.230000 108.000000
      vertex -2.272744 -0.941401 108.000000
    endloop
  endfacet
  facet normal 0.000000 0.000000 1.000000
    outer loop
      vertex 0.000000 0.000000 42.000000
      vertex -2.272744 -0.941401 42.000000
      vertex -2.130422 -1.230000 42.000000
    endloop
  endfacet
  facet normal 0.000000 0.000000 -1.000000
    outer loop
      vertex 0.000000 0.000000 108.000000
      vertex -2.130422 -1.230000 108.000000
      vertex -2.272744 -0.941401 108.000000
    endloop
  endfacet
  facet normal -0.831470 -0.555570 0.000000
    outer loop
      vertex -2.130422 -1.230000 42.000000
      vertex -1.951649 -1.497553 42.000000
      vertex -1.951649 -1.497553 108.000000
    endloop
  endfacet
  facet normal -0.831470 -0.555570 0.000000
    outer loop
      vertex -2.130422 -1.230000 42.000000
      vertex -1.951649 -1.497553 108.000000
      vertex -2.130422 -1.230000 108.000000
    endloop
  endfacet
  facet normal 0.000000 0.000000 1.000000
    outer loop
      vertex 0.000000 0.000000 42.000000
      vertex -2.130422 -1.230000 42.000000
      vertex -1.951649 -1.497553 42.000000
    endloop
  endfacet
  facet normal 0.000000 0.000000 -1.000000
    outer loop
      vertex 0.000000 0.000000 108.000000
      vertex -1.951649 -1.497553 108.000000
      vertex -2.130422 -1.230000 108.000000
    endloop
  endfacet
  facet normal -0.751840 -0.659346 0.000000
    outer loop
      vertex -1.951649 -1.497553 42.000000
      vertex -1.739483 -1.739483 42.000000
      vertex -1.739483 -1.739483 108.000000
    endloop
  endfacet
  facet normal -0.751840 -0.659346 0.000000
    outer loop
      vertex -1.951649 -1.497553 42.000000
      vertex -1.739483 -1.739483 108.000000
      vertex -1.951649 -1.497553 108.000000
    endloop
  endfacet
  facet normal 0.000000 0.000000 1.000000
    outer loop
      vertex 0.000000 0.000000 42.000000
      vertex -1.951649 -1.497553 42.000000
      vertex -1.739483 -1.739483 42.000000
    endloop
  endfacet
  facet normal 0.000000 0.000000 -1.000000
    outer loop
      vertex 0.000000 0.000000 108.000000
      vertex -1.739483 -1.739483 108.000000
      vertex -1.951649 -1.497553 108.000000
    endloop
  endfacet
  facet normal -0.659346 -0.751840 0.000000
    outer loop
      vertex -1.739483 -1.739483 42.000000
      vertex -1.497553 -1.951649 42.000000
      vertex -1.497553 -1.951649 108.000000
    endloop
  endfacet
  facet normal -0.659346 -0.751840 0.000000
    outer loop
      vertex -1.739483 -1.739483 42.000000
      vertex -1.497553 -1.951649 108.000000
      vertex -1.739483 -1.739483 108.000000
    endloop
  endfacet
  facet normal 0.000000 0.000000 1.000000
    outer loop
      vertex 0.000000 0.000000 42.000000
      vertex -1.739483 -1.739483 42.000000
      vertex -1.497553 -1.951649 42.000000
    endloop
  endfacet
  facet normal 0.000000 0.000000 -1.000000
    outer loop
      vertex 0.000000 0.000000 108.000000
      vertex -1.497553 -1.951649 108.000000
      vertex -1.739483 -1.739483 108.000000
    endloop
  endfacet
  facet normal -0.555570 -0.831470 0.000000
    outer loop
      vertex -1.497553 -1.951649 42.000000
      vertex -1.230000 -2.130422 42.000000
      vertex -1.230000 -2.130422 108.000000
    endloop
  endfacet
  facet normal -0.555570 -0.831470 0.000000
    outer loop
      vertex -1.497553 -1.951649 42.000000
      vertex -1.230000 -2.130422 108.000000
      vertex -1.497553 -1.951649 108.000000
    endloop
  endfacet
  facet normal 0.000000 0.000000 1.000000
    outer loop
      vertex 0.000000 0.000000 42.000000
      vertex -1.497553 -1.951649 42.000000
      vertex -1.230000 -2.130422 42.000000
    endloop
  endfacet
  facet normal 0.000000 0.000000 -1.000000
    outer loop
      vertex 0.000000 0.000000 108.000000
      vertex -1.230000 -2.130422 108.000000
      vertex -1.497553 -1.951649 108.000000
    endloop
  endfacet
  facet normal -0.442289 -0.896873 0.000000
    outer loop
      vertex -1.230000 -2.130422 42.000000
      vertex -0.941401 -2.272744 42.000000
      vertex -0.941401 -2.272744 108.000000
    endloop
  endfacet
  facet normal -0.442289 -0.896873 0.000000
    outer loop
      vertex -1.230000 -2.130422 42.000000
      vertex -0.941401 -2.272744 108.000000
      vertex -1.230000 -2.130422 108.000000
    endloop
  endfacet
  facet normal 0.000000 0.000000 1.000000
    outer loop
      vertex 0.000000 0.000000 42.000000
      vertex -1.230000 -2.130422 42.000000
      vertex -0.941401 -2.272744 42.000000
    endloop
  endfacet
  facet normal 0.000000 0.000000 -1.000000
    outer loop
      vertex 0.000000 0.000000 108.000000
      vertex -0.941401 -2.272744 108.000000
      vertex -1.230000 -2.130422 108.000000
    endloop
  endfacet
  facet normal -0.321439 -0.946930 0.000000
    outer loop
      vertex -0.941401 -2.272744 42.000000
      vertex -0.636695 -2.376178 42.000000
      vertex -0.636695 -2.376178 108.000000
    endloop
  endfacet
  facet normal -0.321439 -0.946930 0.000000
    outer loop
      vertex -0.941401 -2.272744 42.000000
      vertex -0.636695 -2.376178 108.000000
      vertex -0.941401 -2.272744 108.000000
    endloop
  endfacet
  facet normal 0.000000 0.000000 1.000000
    outer loop
      vertex 0.000000 0.000000 42.000000
      vertex -0.941401 -2.272744 42.000000
      vertex -0.636695 -2.376178 42.000000
    endloop
  endfacet
  facet normal 0.000000 0.000000 -1.000000
    outer loop
      vertex 0.000000 0.000000 108.000000
      vertex -0.636695 -2.376178 108.000000
      vertex -0.941401 -2.272744 108.000000
    endloop
  endfacet
  facet normal -0.195090 -0.980785 0.000000
    outer loop
      vertex -0.636695 -2.376178 42.000000
      vertex -0.321094 -2.438954 42.000000
      vertex -0.321094 -2.438954 108.000000
    endloop
  endfacet
  facet normal -0.195090 -0.980785 0.000000
    outer loop
      vertex -0.636695 -2.376178 42.000000
      vertex -0.321094 -2.438954 108.000000
      vertex -0.636695 -2.376178 108.000000
    endloop
  endfacet
  facet normal 0.000000 0.000000 1.000000
    outer loop
      vertex 0.000000 0.000000 42.000000
      vertex -0.636695 -2.376178 42.000000
      vertex -0.321094 -2.438954 42.000000
    endloop
  endfacet
  facet normal 0.000000 0.000000 -1.000000
    outer loop
      vertex 0.000000 0.000000 108.000000
      vertex -0.321094 -2.438954 108.000000
      vertex -0.636695 -2.376178 108.000000
    endloop
  endfacet
  facet normal -0.065403 -0.997859 0.000000
    outer loop
      vertex -0.321094 -2.438954 42.000000
      vertex -0.000000 -2.460000 42.000000
      vertex -0.000000 -2.460000 108.000000
    endloop
  endfacet
  facet normal -0.065403 -0.997859 0.000000
    outer loop
      vertex -0.321094 -2.438954 42.000000
      vertex -0.000000 -2.460000 108.000000
      vertex -0.321094 -2.438954 108.000000
    endloop
  endfacet
  facet normal 0.000000 0.000000 1.000000
    outer loop
      vertex 0.000000 0.000000 42.000000
      vertex -0.321094 -2.438954 42.000000
      vertex -0.000000 -2.460000 42.000000
    endloop
  endfacet
  facet normal 0.000000 0.000000 -1.000000
    outer loop
      vertex 0.000000 0.000000 108.000000
      vertex -0.000000 -2.460000 108.000000
      vertex -0.321094 -2.438954 108.000000
    endloop
  endfacet
  facet normal 0.065403 -0.997859 0.000000
    outer loop
      vertex -0.000000 -2.460000 42.000000
      vertex 0.321094 -2.438954 42.000000
      vertex 0.321094 -2.438954 108.000000
    endloop
  endfacet
  facet normal 0.065403 -0.997859 0.000000
    outer loop
      vertex -0.000000 -2.460000 42.000000
      vertex 0.321094 -2.438954 108.000000
      vertex -0.000000 -2.460000 108.000000
    endloop
  endfacet
  facet normal 0.000000 0.000000 1.000000
    outer loop
      vertex 0.000000 0.000000 42.000000
      vertex -0.000000 -2.460000 42.000000
      vertex 0.321094 -2.438954 42.000000
    endloop
  endfacet
  facet normal 0.000000 0.000000 -1.000000
    outer loop
      vertex 0.000000 0.000000 108.000000
      vertex 0.321094 -2.438954 108.000000
      vertex -0.000000 -2.460000 108.000000
    endloop
  endfacet
  facet normal 0.195090 -0.980785 0.000000
    outer loop
      vertex 0.321094 -2.438954 42.000000
      vertex 0.636695 -2.376178 42.000000
      vertex 0.636695 -2.376178 108.000000
    endloop
  endfacet
  facet normal 0.195090 -0.980785 0.000000
    outer loop
      vertex 0.321094 -2.438954 42.000000
      vertex 0.636695 -2.376178 108.000000
      vertex 0.321094 -2.438954 108.000000
    endloop
  endfacet
  facet normal 0.000000 0.000000 1.000000
    outer loop
      vertex 0.000000 0.000000 42.000000
      vertex 0.321094 -2.438954 42.000000
      vertex 0.636695 -2.376178 42.000000
    endloop
  endfacet
  facet normal 0.000000 0.000000 -1.000000
    outer loop
      vertex 0.000000 0.000000 108.000000
      vertex 0.636695 -2.376178 108.000000
      vertex 0.321094 -2.438954 108.000000
    endloop
  endfacet
  facet normal 0.321439 -0.946930 0.000000
    outer loop
      vertex 0.636695 -2.376178 42.000000
      vertex 0.941401 -2.272744 42.000000
      vertex 0.941401 -2.272744 108.000000
    endloop
  endfacet
  facet normal 0.321439 -0.946930 0.000000
    outer loop
      vertex 0.636695 -2.376178 42.000000
      vertex 0.941401 -2.272744 108.000000
      vertex 0.636695 -2.376178 108.000000
    endloop
  endfacet
  facet normal 0.000000 0.000000 1.000000
    outer loop
      vertex 0.000000 0.000000 42.000000
      vertex 0.636695 -2.376178 42.000000
      vertex 0.941401 -2.272744 42.000000
    endloop
  endfacet
  facet normal 0.000000 0.000000 -1.000000
    outer loop
      vertex 0.000000 0.000000 108.000000
      vertex 0.941401 -2.272744 108.000000
      vertex 0.636695 -2.376178 108.000000
    endloop
  endfacet
  facet normal 0.442289 -0.896873 0.000000
    outer loop
      vertex 0.941401 -2.272744 42.000000
      vertex 1.230000 -2.130422 42.000000
      vertex 1.230000 -2.130422 108.000000
    endloop
  endfacet
  facet normal 0.442289 -0.896873 0.000000
    outer loop
      vertex 0.941401 -2.272744 42.000000
      vertex 1.230000 -2.130422 108.000000
      vertex 0.941401 -2.272744 108.000000
    endloop
  endfacet
  facet normal 0.000000 0.000000 1.000000
    outer loop
      vertex 0.000000 0.000000 42.000000
      vertex 0.941401 -2.272744 42.000000
      vertex 1.230000 -2.130422 42.000000
    endloop
  endfacet
  facet normal 0.000000 0.000000 -1.000000
    outer loop
      vertex 0.000000 0.000000 108.000000
      vertex 1.230000 -2.130422 108.000000
      vertex 0.941401 -2.272744 108.000000
    endloop
  endfacet
  facet normal 0.555570 -0.831470 0.000000
    outer loop
      vertex 1.230000 -2.130422 42.000000
      vertex 1.497553 -1.951649 42.000000
      vertex 1.497553 -1.951649 108.000000
    endloop
  endfacet
  facet normal 0.555570 -0.831470 0.000000
    outer loop
      vertex 1.230000 -2.130422 42.000000
      vertex 1.497553 -1.951649 108.000000
      vertex 1.230000 -2.130422 108.000000
    endloop
  endfacet
  facet normal 0.000000 0.000000 1.000000
    outer loop
      vertex 0.000000 0.000000 42.000000
      vertex 1.230000 -2.130422 42.000000
      vertex 1.497553 -1.951649 42.000000
    endloop
  endfacet
  facet normal 0.000000 0.000000 -1.000000
    outer loop
      vertex 0.000000 0.000000 108.000000
      vertex 1.497553 -1.951649 108.000000
      vertex 1.230000 -2.130422 108.000000
    endloop
  endfacet
  facet normal 0.659346 -0.751840 0.000000
    outer loop
      vertex 1.497553 -1.951649 42.000000
      vertex 1.739483 -1.739483 42.000000
      vertex 1.739483 -1.739483 108.000000
    endloop
  endfacet
  facet normal 0.659346 -0.751840 0.000000
    outer loop
      vertex 1.497553 -1.951649 42.000000
      vertex 1.739483 -1.739483 108.000000
      vertex 1.497553 -1.951649 108.000000
    endloop
  endfacet
  facet normal 0.000000 0.000000 1.000000
    outer loop
      vertex 0.000000 0.000000 42.000000
      vertex 1.497553 -1.951649 42.000000
      vertex 1.739483 -1.739483 42.000000
    endloop
  endfacet
  facet normal 0.000000 0.000000 -1.000000
    outer loop
      vertex 0.000000 0.000000 108.000000
      vertex 1.739483 -1.739483 108.000000
      vertex 1.497553 -1.951649 108.000000
    endloop
  endfacet
  facet normal 0.751840 -0.659346 0.000000
    outer loop
      vertex 1.739483 -1.739483 42.000000
      vertex 1.951649 -1.497553 42.000000
      vertex 1.951649 -1.497553 108.000000
    endloop
  endfacet
  facet normal 0.751840 -0.659346 0.000000
    outer loop
      vertex 1.739483 -1.739483 42.000000
      vertex 1.951649 -1.497553 108.000000
      vertex 1.739483 -1.739483 108.000000
    endloop
  endfacet
  facet normal 0.000000 0.000000 1.000000
    outer loop
      vertex 0.000000 0.000000 42.000000
      vertex 1.739483 -1.739483 42.000000
      vertex 1.951649 -1.497553 42.000000
    endloop
  endfacet
  facet normal 0.000000 0.000000 -1.000000
    outer loop
      vertex 0.000000 0.000000 108.000000
      vertex 1.951649 -1.497553 108.000000
      vertex 1.739483 -1.739483 108.000000
    endloop
  endfacet
  facet normal 0.831470 -0.555570 0.000000
    outer loop
      vertex 1.951649 -1.497553 42.000000
      vertex 2.130422 -1.230000 42.000000
      vertex 2.130422 -1.230000 108.000000
    endloop
  endfacet
  facet normal 0.831470 -0.555570 0.000000
    outer loop
      vertex 1.951649 -1.497553 42.000000
      vertex 2.130422 -1.230000 108.000000
      vertex 1.951649 -1.497553 108.000000
    endloop
  endfacet
  facet normal 0.000000 0.000000 1.000000
    outer loop
      vertex 0.000000 0.000000 42.000000
      vertex 1.951649 -1.497553 42.000000
      vertex 2.130422 -1.230000 42.000000
    endloop
  endfacet
  facet normal 0.000000 0.000000 -1.000000
    outer loop
      vertex 0.000000 0.000000 108.000000
      vertex 2.130422 -1.230000 108.000000
      vertex 1.951649 -1.497553 108.000000
    endloop
  endfacet
  facet normal 0.896873 -0.442289 0.000000
    outer loop
      vertex 2.130422 -1.230000 42.000000
      vertex 2.272744 -0.941401 42.000000
      vertex 2.272744 -0.941401 108.000000
    endloop
  endfacet
  facet normal 0.896873 -0.442289 0.000000
    outer loop
      vertex 2.130422 -1.230000 42.000000
      vertex 2.272744 -0.941401 108.000000
      vertex 2.130422 -1.230000 108.000000
    endloop
  endfacet
  facet normal 0.000000 0.000000 1.000000
    outer loop
      vertex 0.000000 0.000000 42.000000
      vertex 2.130422 -1.230000 42.000000
      vertex 2.272744 -0.941401 42.000000
    endloop
  endfacet
  facet normal 0.000000 0.000000 -1.000000
    outer loop
      vertex 0.000000 0.000000 108.000000
      vertex 2.272744 -0.941401 108.000000
      vertex 2.130422 -1.230000 108.000000
    endloop
  endfacet
  facet normal 0.946930 -0.321439 0.000000
    outer loop
      vertex 2.272744 -0.941401 42.000000
      vertex 2.376178 -0.636695 42.000000
      vertex 2.376178 -0.636695 108.000000
    endloop
  endfacet
  facet normal 0.946930 -0.321439 0.000000
    outer loop
      vertex 2.272744 -0.941401 42.000000
      vertex 2.376178 -0.636695 108.000000
      vertex 2.272744 -0.941401 108.000000
    endloop
  endfacet
  facet normal 0.000000 0.000000 1.000000
    outer loop
      vertex 0.000000 0.000000 42.000000
      vertex 2.272744 -0.941401 42.000000
      vertex 2.376178 -0.636695 42.000000
    endloop
  endfacet
  facet normal 0.000000 0.000000 -1.000000
    outer loop
      vertex 0.000000 0.000000 108.000000
      vertex 2.376178 -0.636695 108.000000
      vertex 2.272744 -0.941401 108.000000
    endloop
  endfacet
  facet normal 0.980785 -0.195090 0.000000
    outer loop
      vertex 2.376178 -0.636695 42.000000
      vertex 2.438954 -0.321094 42.000000
      vertex 2.438954 -0.321094 108.000000
    endloop
  endfacet
  facet normal 0.980785 -0.195090 0.000000
    outer loop
      vertex 2.376178 -0.636695 42.000000
      vertex 2.438954 -0.321094 108.000000
      vertex 2.376178 -0.636695 108.000000
    endloop
  endfacet
  facet normal 0.000000 0.000000 1.000000
    outer loop
      vertex 0.000000 0.000000 42.000000
      vertex 2.376178 -0.636695 42.000000
      vertex 2.438954 -0.321094 42.000000
    endloop
  endfacet
  facet normal 0.000000 0.000000 -1.000000
    outer loop
      vertex 0.000000 0.000000 108.000000
      vertex 2.438954 -0.321094 108.000000
      vertex 2.376178 -0.636695 108.000000
    endloop
  endfacet
  facet normal 0.997859 -0.065403 0.000000
    outer loop
      vertex 2.438954 -0.321094 42.000000
      vertex 2.460000 0.000000 42.000000
      vertex 2.460000 0.000000 108.000000
    endloop
  endfacet
  facet normal 0.997859 -0.065403 0.000000
    outer loop
      vertex 2.438954 -0.321094 42.000000
      vertex 2.460000 0.000000 108.000000
      vertex 2.438954 -0.321094 108.000000
    endloop
  endfacet
  facet normal 0.000000 0.000000 1.000000
    outer loop
      vertex 0.000000 0.000000 42.000000
      vertex 2.438954 -0.321094 42.000000
      vertex 2.460000 0.000000 42.000000
    endloop
  endfacet
  facet normal 0.000000 0.000000 -1.000000
    outer loop
      vertex 0.000000 0.000000 108.000000
      vertex 2.460000 0.000000 108.000000
      vertex 2.438954 -0.321094 108.000000
    endloop
  endfacet
endsolid tap_M6
